funding_round_id,funding_round_name,type,permalink,cb_url,rank,created_at,updated_at,country_code,state_code,region,city,investment_type,announced_on,raised_amount_usd,raised_amount,raised_amount_currency_code,post_money_valuation_usd,post_money_valuation,post_money_valuation_currency_code,investor_count,org_id,org_name,lead_investor_ids,announced_on_date,year,raised_amount_gbp,investor_id,investor_type,is_lead_investor,investor_types,investor_url,smart_money_auto,smart_money_manual,smart_money,investor_name,investment_stage
d6d2bc2a-25f9-ef39-3519-4d5db4efe30f,Seed Round - Watteco,funding_round,watteco-seed--d6d2bc2a,https://www.crunchbase.com/funding_round/watteco-seed--d6d2bc2a,559977.0,2016-12-16 12:15:36,2018-02-12 23:32:07,FRA,,Bretagne,Hennebont,seed,2003-10-01,,,,,,,1.0,d6c7ae99-f25f-1fc2-366a-3e941f149cb5,Watteco,,2003-10-01,2003,,5808d551-e5da-f0c9-3fce-3168e754234a,organization,False,venture_capital,https://www.crunchbase.com/organization/aster-capital,False,False,False,['Aster'],early_stage
e89e21f6-474c-51ca-3f3a-0d720a3c9fcd,Series A - AJ Tech,funding_round,aj-tech-series-a--e89e21f6,https://www.crunchbase.com/funding_round/aj-tech-series-a--e89e21f6,321758.0,2009-06-09 04:14:14,2018-02-12 23:56:41,FRA,,Pays de la Loire,Guérande,series_a,2008-04-30,1250.0,1250.0,USD,,,,1.0,47713ffd-d22f-b949-e4b8-2892434d27ba,AJ Tech,763ec53f-e799-d604-1d22-40c0c0366a3d,2008-04-30,2008,635.5775418275418,763ec53f-e799-d604-1d22-40c0c0366a3d,organization,True,"private_equity_firm,venture_capital",https://www.crunchbase.com/organization/edmond-de-rothschild-investment-partners,False,False,False,['Andera Partners'],early_stage
9246ff70-e22c-4aae-8db1-4f681fbfffee,Angel Round - PDM Solar,funding_round,pdm-solar-angel--9246ff70,https://www.crunchbase.com/funding_round/pdm-solar-angel--9246ff70,667448.0,2018-09-28 17:39:28,2018-09-28 17:39:28,USA,WI,Wisconsin,Wausau,angel,2009-01-01,235.0,235.0,USD,,,,,ee14753b-d41c-4321-81db-c9354386ad05,PDM Solar,,2009-01-01,2009,161.8516718856855,,,,,,,False,False,[None],early_stage
940bdabf-fdc7-0164-92b2-54d4b903decf,Series A - Phononic,funding_round,phononic-devices-series-a--940bdabf,https://www.crunchbase.com/funding_round/phononic-devices-series-a--940bdabf,568174.0,2015-03-20 21:08:17,2018-02-12 23:44:23,USA,NC,North Carolina,Durham,series_a,2009-01-01,2000.0,2000.0,USD,,,,1.0,32591af4-1d03-89ad-6b24-4fa9285c1321,Phononic,,2009-01-01,2009,1377.461037324983,ed24f9ce-2313-cb8c-8ff2-9de6899ea992,organization,,venture_capital,https://www.crunchbase.com/organization/venrock,False,False,False,['Venrock'],early_stage
cced2418-8916-41a0-abe3-3939033e9fec,Series A - Nobao Renewable Energy,funding_round,nobao-renewable-energy-holdings-series-a--cced2418,https://www.crunchbase.com/funding_round/nobao-renewable-energy-holdings-series-a--cced2418,402198.0,2019-09-11 05:28:22,2019-09-11 05:28:22,CHN,,Shanghai,Zhabei,series_a,2009-08-01,25000.0,25000.0,USD,,,,1.0,dade3e39-9374-9953-d3e4-a81f4f5c7dba,Nobao Renewable Energy,d2845c8a-94ca-73b3-40f3-d522f433f83d,2009-08-01,2009,15033.232344583013,d2845c8a-94ca-73b3-40f3-d522f433f83d,organization,True,venture_capital,https://www.crunchbase.com/organization/tsing-capital,False,False,False,['Tsing Capital'],early_stage
b898e751-21e3-4e36-8b43-f425e93a02b9,Angel Round - PDM Solar,funding_round,pdm-solar-angel--b898e751,https://www.crunchbase.com/funding_round/pdm-solar-angel--b898e751,709534.0,2018-09-27 20:26:48,2018-09-27 20:26:48,USA,WI,Wisconsin,Wausau,angel,2011-01-01,103.9,103.9,USD,,,,,ee14753b-d41c-4321-81db-c9354386ad05,PDM Solar,,2011-01-01,2011,66.96794744459973,,,,,,,False,False,[None],early_stage
96348bd4-f6d0-e95a-8507-d999e88fe6e6,Series B - Phononic,funding_round,phononic-devices-series-b--96348bd4,https://www.crunchbase.com/funding_round/phononic-devices-series-b--96348bd4,682456.0,2011-02-24 02:44:02,2018-02-12 23:42:21,USA,NC,North Carolina,Durham,series_b,2011-02-23,10000.0,10000.0,USD,,,,2.0,32591af4-1d03-89ad-6b24-4fa9285c1321,Phononic,,2011-02-23,2011,6160.512708469885,ed24f9ce-2313-cb8c-8ff2-9de6899ea992,organization,,venture_capital,https://www.crunchbase.com/organization/venrock,False,False,False,"['Venrock', 'Oak Investment Partners']",early_stage
a5228a56-457e-5c34-450b-ab25434b7a3d,Seed Round - Solfex,funding_round,solfex-seed--a5228a56,https://www.crunchbase.com/funding_round/solfex-seed--a5228a56,443651.0,2015-03-23 21:39:10,2018-02-12 23:51:55,GBR,,Lancashire,Preston,seed,2011-09-01,2023.79,1250.0,GBP,,,,1.0,fbb8b58c-6ebe-4960-36b3-da974ebb34aa,Solfex,,2011-09-01,2011,1250.0,31e837e7-89dc-7d62-c4b4-81ca9fe3ef35,organization,False,private_equity_firm,https://www.crunchbase.com/organization/panoramic-growth-equity,False,False,False,['Panoramic Growth Equity'],early_stage
1d021eef-dbe0-4122-acf4-b062f514a382,Series A - Ardenham Energy,funding_round,ardenham-energy-series-a--1d021eef,https://www.crunchbase.com/funding_round/ardenham-energy-series-a--1d021eef,286069.0,2019-08-01 12:05:54,2019-08-01 12:05:54,GBR,,Somerset,Butleigh,series_a,2011-09-12,3169.316,2000.0,GBP,,,,1.0,871efd89-5075-e278-31f3-f95c4e89dc53,Ardenham Energy,93246ce0-32fe-6485-1d18-f33da503726c,2011-09-12,2011,2000.0,93246ce0-32fe-6485-1d18-f33da503726c,organization,True,private_equity_firm,https://www.crunchbase.com/organization/bridges-ventures,False,False,False,['Bridges Fund Management'],early_stage
32ed315a-6b23-4fcb-afc1-bf24e4bd430a,Seed Round - GreenCom Networks AG,funding_round,greencom-networks-ag-seed--32ed315a,https://www.crunchbase.com/funding_round/greencom-networks-ag-seed--32ed315a,637209.0,2020-01-22 10:24:33,2020-01-22 10:41:47,DEU,,Bayern,Munich,seed,2011-12-01,,,,,,,,474a8c24-9bab-69f1-6b89-3428325ef87a,GreenCom Networks AG,,2011-12-01,2011,,,,,,,,False,False,[None],early_stage
21b59152-76a8-3b47-2958-4e468326f1be,Series B - Phononic,funding_round,phononic-devices-series-b--21b59152,https://www.crunchbase.com/funding_round/phononic-devices-series-b--21b59152,261739.0,2016-05-16 08:58:29,2018-02-12 23:44:31,USA,NC,North Carolina,Durham,series_b,2012-12-20,5500.0,5500.0,USD,,,,2.0,32591af4-1d03-89ad-6b24-4fa9285c1321,Phononic,"36feed26-9375-138b-3eef-e1e00faa858f,ed24f9ce-2313-cb8c-8ff2-9de6899ea992",2012-12-20,2012,3382.3795862902007,36feed26-9375-138b-3eef-e1e00faa858f,organization,True,venture_capital,https://www.crunchbase.com/organization/oak-investment-partners,False,False,False,"['Oak Investment Partners', 'Venrock']",early_stage
aac95d14-fded-462e-b873-cf814de406d9,Seed Round - Airmove,funding_round,airmove-seed--aac95d14,https://www.crunchbase.com/funding_round/airmove-seed--aac95d14,510674.0,2018-04-02 10:32:01,2018-04-02 10:32:01,SWE,,Vastmanlands Lan,Fagersta,seed,2013-01-01,,,,,,,1.0,aedb8309-06f9-4ca3-a6be-04b06664165c,Airmove,,2013-01-01,2013,,c2f73e42-5085-8a82-8685-ea6a10176bc4,organization,,venture_capital,https://www.crunchbase.com/organization/almi-invest,False,False,False,['Almi Invest'],early_stage
d0c8109c-1928-bffb-ddb3-36dd3a2ee496,Seed Round - Rebound Technologies,funding_round,rebound-technology-llc-seed--d0c8109c,https://www.crunchbase.com/funding_round/rebound-technology-llc-seed--d0c8109c,579217.0,2014-03-24 10:58:13,2018-02-12 23:42:42,USA,CO,Colorado,Commerce City,seed,2013-04-01,40.0,40.0,USD,,,,1.0,2b0e64ea-038e-2b3d-315e-85dfb5f536c3,Rebound Technologies,,2013-04-01,2013,26.38946466141978,e26b98e6-3997-577d-eb5b-a195e31d03e3,organization,,accelerator,https://www.crunchbase.com/organization/start-up-chile,True,False,True,['Start-Up Chile'],early_stage
eb659527-e253-5167-aed0-87559573be1f,Seed Round - Futurehome,funding_round,future-home-seed--eb659527,https://www.crunchbase.com/funding_round/future-home-seed--eb659527,580138.0,2015-08-07 05:29:22,2018-02-12 23:48:27,NOR,,Oslo,Oslo,seed,2013-06-29,25.0,25.0,USD,,,,,10eb487d-c56d-7001-d134-846bb2531b86,Futurehome,,2013-06-29,2013,16.395706304053878,,,,,,,False,False,[None],early_stage
f777c28f-c9cc-4740-a50c-35ec459930a2,Seed Round - SmartCool Systems,funding_round,smartcool-systems-seed--f777c28f,https://www.crunchbase.com/funding_round/smartcool-systems-seed--f777c28f,488717.0,2020-10-15 11:06:56,2020-10-15 11:06:56,CAN,BC,British Columbia,Vancouver,seed,2013-10-04,145.466,145.466,USD,,,,,25adbc13-1581-ca83-ca32-7ee42a153449,SmartCool Systems,,2013-10-04,2013,90.63132156256898,,,,,,,False,False,[None],early_stage
7b9122cb-c4fe-40c8-ae94-d6b0956aafb2,Seed Round - NRGTEQ USA,funding_round,nrgteq-usa-seed--7b9122cb,https://www.crunchbase.com/funding_round/nrgteq-usa-seed--7b9122cb,502063.0,2020-10-05 20:56:12,2020-10-05 20:56:12,USA,NH,New Hampshire,Hollis,seed,2014-01-02,50.0,50.0,USD,,,,,7b64c299-a96d-4545-ab7c-6e7ab5c2a0b5,NRGTEQ USA,,2014-01-02,2014,30.3192268267682,,,,,,,False,False,[None],early_stage
cf3ffae1-3242-96a9-8a5a-887e1c706449,Seed Round - Exergyn,funding_round,exergyn-seed--cf3ffae1,https://www.crunchbase.com/funding_round/exergyn-seed--cf3ffae1,580091.0,2014-04-11 09:57:06,2018-02-12 23:53:43,IRL,,Dublin,Glasnevin,seed,2014-04-11,138.85,100.0,EUR,,,,1.0,4c20fa4f-754c-1942-d83e-48d913bd5cf6,Exergyn,,2014-04-11,2014,82.91,2e3878ed-9391-f809-08e7-c1cdfa64a188,organization,,accelerator,https://www.crunchbase.com/organization/ndrc,True,False,True,['NDRC'],early_stage
4c925b3f-ab7b-a9ce-f381-180fbda43ec5,Series A - GreenCom Networks AG,funding_round,greencom-networks-ag-series-a--4c925b3f,https://www.crunchbase.com/funding_round/greencom-networks-ag-series-a--4c925b3f,372196.0,2017-02-18 06:57:52,2020-01-22 10:28:39,DEU,,Bayern,Munich,series_a,2014-06-01,,,,,,,1.0,474a8c24-9bab-69f1-6b89-3428325ef87a,GreenCom Networks AG,d078c010-4831-f71c-a713-8fe8e1ff2322,2014-06-01,2014,,d078c010-4831-f71c-a713-8fe8e1ff2322,organization,True,venture_capital,https://www.crunchbase.com/organization/munich-venture-partners,False,False,False,['Munich Venture Partners'],early_stage
4351a222-2a67-2e35-d115-065ede8bf1f3,Seed Round - Futurehome,funding_round,future-home-seed--4351a222,https://www.crunchbase.com/funding_round/future-home-seed--4351a222,658777.0,2015-08-07 05:28:31,2018-02-12 23:35:59,NOR,,Oslo,Oslo,seed,2014-06-29,160.0,160.0,USD,,,,,10eb487d-c56d-7001-d134-846bb2531b86,Futurehome,,2014-06-29,2014,93.90854016025014,,,,,,,False,False,[None],early_stage
87a43a08-7b5d-66d6-16b1-467838164b69,Seed Round - Exergyn,funding_round,exergyn-seed--87a43a08,https://www.crunchbase.com/funding_round/exergyn-seed--87a43a08,546293.0,2016-03-02 07:59:17,2018-02-12 23:38:58,IRL,,Dublin,Glasnevin,seed,2015-02-01,,,,,,,1.0,4c20fa4f-754c-1942-d83e-48d913bd5cf6,Exergyn,,2015-02-01,2015,,8985e0c8-db83-d025-905c-0146d771a316,organization,False,angel_group,https://www.crunchbase.com/organization/keiretsu-forum-northwest,False,False,False,['Keiretsu Forum Northwest'],early_stage
5cfb9708-1b23-45f2-bca5-6ede0b5cb964,Pre Seed Round - Airthium,funding_round,airthium-pre-seed--5cfb9708,https://www.crunchbase.com/funding_round/airthium-pre-seed--5cfb9708,405732.0,2018-10-17 05:56:58,2020-12-02 10:05:00,FRA,,Ile-de-France,Les-loges-en-josas,pre_seed,2015-03-01,,,,,,,1.0,f21dbee0-2fb5-20b6-5b91-da08a3abeebc,Airthium,f0e166f8-57e4-7862-be96-4a411c37b66e,2015-03-01,2015,,f0e166f8-57e4-7862-be96-4a411c37b66e,organization,True,"incubator,venture_capital",https://www.crunchbase.com/organization/petit-poucet,True,False,True,['Petit Poucet'],early_stage
7cb5e8b9-f7e4-90b1-2c6f-77189c407126,Seed Round - Entelligo,funding_round,entelligo-bv-seed--7cb5e8b9,https://www.crunchbase.com/funding_round/entelligo-bv-seed--7cb5e8b9,510926.0,2017-07-25 09:08:30,2018-02-12 23:57:54,NLD,,Noord-Holland,Amsterdam,seed,2015-03-05,,,,,,,1.0,7cba2fcb-cd5e-ea29-0b3e-78b54856d807,Entelligo,,2015-03-05,2015,,e251cd43-97f7-4d9b-9138-f79f234848cb,organization,,"accelerator,venture_capital",https://www.crunchbase.com/organization/rockstart-accelerator,True,True,True,['Rockstart'],early_stage
69dfbc0e-f28a-b178-87db-b614e712cee2,Series A - EnergySage,funding_round,energysage-series-a--69dfbc0e,https://www.crunchbase.com/funding_round/energysage-series-a--69dfbc0e,131577.0,2015-05-19 11:55:07,2018-02-12 22:19:08,USA,MA,Massachusetts,Boston,series_a,2015-05-19,1500.0,1500.0,USD,,,,4.0,9682e7ff-42dd-b697-630d-6778b675b4f7,EnergySage,080debe2-619c-9cd2-ee32-3b6a98ee5b26,2015-05-19,2015,968.4928443649372,080debe2-619c-9cd2-ee32-3b6a98ee5b26,organization,True,angel_group,https://www.crunchbase.com/organization/launchpad-venture-group,False,False,False,"['LaunchPad Venture', 'Massachusetts Clean Energy Center', 'New York Angels', 'Sustainable Resource Ventures']",early_stage
8563fcbb-ba89-4bd7-b8a5-aef32d54dae8,Seed Round - ThermoLift,funding_round,thermolift-seed--8563fcbb,https://www.crunchbase.com/funding_round/thermolift-seed--8563fcbb,592385.0,2020-07-21 21:40:15,2020-07-21 21:40:15,USA,NY,New York,Stony Brook,seed,2015-05-28,298.0,298.0,USD,,,,,433c2a63-6896-d4ef-7197-20b77d67d5ba,ThermoLift,,2015-05-28,2015,194.837738619677,,,,,,,False,False,[None],early_stage
a77016e6-bbc6-ebc5-e1f2-3441cc562260,Seed Round - Futurehome,funding_round,future-home-seed--a77016e6,https://www.crunchbase.com/funding_round/future-home-seed--a77016e6,492479.0,2015-07-31 06:52:55,2018-02-12 22:19:25,NOR,,Oslo,Oslo,seed,2015-07-31,1250.0,1250.0,USD,,,,4.0,10eb487d-c56d-7001-d134-846bb2531b86,Futurehome,,2015-07-31,2015,802.5211999635269,b403749f-c78e-97b5-0449-7519fd13f0ac,organization,,"government_office,incubator",https://www.crunchbase.com/organization/ipark,True,False,True,"['iPark', 'Christian Rokseth', 'Algård Holding', 'IKM Invest']",early_stage
2488014e-c692-43c7-9c95-b7ed06688a8a,Seed Round - Suntherm,funding_round,suntherm-seed--2488014e,https://www.crunchbase.com/funding_round/suntherm-seed--2488014e,368082.0,2018-10-24 08:11:23,2018-10-24 08:11:23,DNK,,Midtjylland,Højslev,seed,2015-08-17,2500.0,2500.0,USD,,,,1.0,718909d0-005a-4a71-9f45-99d9e1d83f53,Suntherm,8aba3989-2aeb-93b6-401d-98ce6a0f3082,2015-08-17,2015,1600.2252252252254,8aba3989-2aeb-93b6-401d-98ce6a0f3082,organization,True,"incubator,venture_capital",https://www.crunchbase.com/organization/boreaninnovation,True,False,True,['Borean Innovation'],early_stage
4122911b-14ac-43be-bc35-dff95e416e93,Seed Round - PDM Solar,funding_round,pdm-solar-seed--4122911b,https://www.crunchbase.com/funding_round/pdm-solar-seed--4122911b,633595.0,2018-10-01 15:43:02,2018-12-17 07:33:08,USA,WI,Wisconsin,Wausau,seed,2015-09-15,111.0,111.0,USD,,,,,ee14753b-d41c-4321-81db-c9354386ad05,PDM Solar,,2015-09-15,2015,72.03233215547705,,,,,,,False,False,[None],early_stage
9c08dae9-0100-fd01-1cbe-c1089bb0541a,Seed Round - Rebound Technologies,funding_round,rebound-technology-llc-seed--9c08dae9,https://www.crunchbase.com/funding_round/rebound-technology-llc-seed--9c08dae9,676089.0,2017-08-19 08:27:39,2018-02-12 23:55:30,USA,CO,Colorado,Commerce City,seed,2015-10-01,,,,,,,1.0,2b0e64ea-038e-2b3d-315e-85dfb5f536c3,Rebound Technologies,,2015-10-01,2015,,c0e55514-6e53-affd-2a23-a7de9e1d54ed,organization,False,"accelerator,venture_capital",https://www.crunchbase.com/organization/elemental-excelerator,True,True,True,['Elemental Impact'],early_stage
726dc5f0-a698-4c46-b784-9e0b220b54de,Angel Round - Wegatech,funding_round,wegatech-angel--726dc5f0,https://www.crunchbase.com/funding_round/wegatech-angel--726dc5f0,414772.0,2019-02-01 12:05:59,2019-02-01 12:05:59,DEU,,Bayern,Munich,angel,2015-10-16,,,,,,,1.0,de2ca063-949b-47b7-a916-29d55bce74f8,Wegatech,06517e41-a928-6e40-03e7-a23ffbe0cff1,2015-10-16,2015,,06517e41-a928-6e40-03e7-a23ffbe0cff1,person,True,"angel,investment_partner",https://www.crunchbase.com/person/ron-hillmann,False,False,False,['Ron Hillmann'],early_stage
27382ecf-9d5c-4fbc-88eb-f17c98b9887c,Seed Round - Mixergy,funding_round,mixergy-ltd-seed--27382ecf,https://www.crunchbase.com/funding_round/mixergy-ltd-seed--27382ecf,607078.0,2018-12-13 10:22:51,2018-12-13 10:22:51,GBR,,Oxfordshire,Cassington,seed,2016-01-01,,,,,,,2.0,c95a1e92-2399-4d14-99bc-2c05049623a2,Mixergy,,2016-01-01,2016,,c3cffb5d-9b45-d78e-3688-65926897f259,organization,,venture_capital,https://www.crunchbase.com/organization/ip-group-plc,False,False,False,"['IP Group', 'Oxford Science Enterprises']",early_stage
66f8888a-3ff0-4b13-ce73-2fd5a2446e5e,Seed Round - EasyServ,funding_round,easyserv-seed--66f8888a,https://www.crunchbase.com/funding_round/easyserv-seed--66f8888a,628092.0,2016-03-12 07:47:30,2023-02-11 11:26:56,SWE,,Hallands Lan,Halmstad,seed,2016-03-08,,,,,,,1.0,01b5900f-130c-a8fe-b06c-64f6e0c936bd,EasyServ,,2016-03-08,2016,,beef760f-1273-2a2c-3134-cd1b61a03e21,person,False,angel,https://www.crunchbase.com/person/nicolas-hassbjer,False,False,False,['Nicolas Hassbjer'],early_stage
31698a45-fb04-4499-a645-36493d515b11,Seed Round - PDM Solar,funding_round,pdm-solar-seed--31698a45,https://www.crunchbase.com/funding_round/pdm-solar-seed--31698a45,619411.0,2018-10-05 13:03:27,2018-12-17 07:33:02,USA,WI,Wisconsin,Wausau,seed,2016-05-24,21.0,21.0,USD,,,,,ee14753b-d41c-4321-81db-c9354386ad05,PDM Solar,,2016-05-24,2016,14.38729405444126,,,,,,,False,False,[None],early_stage
59e62c65-4225-45fc-8cc0-c0bfc899d37f,Pre Seed Round - Stash Energy,funding_round,stash-energy-pre-seed--59e62c65,https://www.crunchbase.com/funding_round/stash-energy-pre-seed--59e62c65,714774.0,2020-09-04 08:13:27,2020-09-04 08:13:27,CAN,NB,New Brunswick,Fredericton,pre_seed,2016-12-12,,,,,,,1.0,3fa60c95-1adf-4016-ac85-13e5caa44bc5,Stash Energy,,2016-12-12,2016,,eb30a05e-86d2-4f55-a169-2841d1dbbea8,organization,,accelerator,https://www.crunchbase.com/organization/energia-ventures,True,False,True,['Energia Ventures'],early_stage
c3a964f3-c6b2-fc96-826f-d0b84ca6bc16,Series B - GreenCom Networks AG,funding_round,greencom-networks-ag-series-b--c3a964f3,https://www.crunchbase.com/funding_round/greencom-networks-ag-series-b--c3a964f3,421813.0,2017-07-18 22:07:12,2020-01-22 10:27:29,DEU,,Bayern,Munich,series_b,2017-06-01,,,,,,,2.0,474a8c24-9bab-69f1-6b89-3428325ef87a,GreenCom Networks AG,988e8e84-fab4-75c4-866c-b2ad4a08e9b3,2017-06-01,2017,,988e8e84-fab4-75c4-866c-b2ad4a08e9b3,organization,True,venture_capital,https://www.crunchbase.com/organization/set-ventures,False,True,True,"['SET Ventures', 'Munich Venture Partners']",early_stage
a4be50b6-0e0b-3287-09d5-42e2a554a7ce,Seed Round - Dandelion Energy,funding_round,dandelion-energy-seed--a4be50b6,https://www.crunchbase.com/funding_round/dandelion-energy-seed--a4be50b6,368462.0,2017-07-07 03:59:37,2018-02-12 23:36:26,USA,NY,New York,Mount Kisco,seed,2017-07-06,2000.0,2000.0,USD,,,,4.0,db47fba5-1c8a-46ea-881b-2be8e7e359ef,Dandelion Energy,afd154b4-dcb0-1eca-e3b6-1285f09606c1,2017-07-06,2017,1546.1220904699164,afd154b4-dcb0-1eca-e3b6-1285f09606c1,organization,True,venture_capital,https://www.crunchbase.com/organization/collaborative-fund,False,False,False,"['Collaborative Fund', 'ZhenFund', 'Borealis Ventures', 'Building Ventures']",early_stage
4775f448-a4b7-1ca3-508f-0d3881afc0e4,Seed Round - Rebound Technologies,funding_round,rebound-technology-llc-seed--4775f448,https://www.crunchbase.com/funding_round/rebound-technology-llc-seed--4775f448,343260.0,2017-07-21 03:39:58,2018-02-12 23:55:54,USA,CO,Colorado,Commerce City,seed,2017-07-20,1200.0,1200.0,USD,,,,6.0,2b0e64ea-038e-2b3d-315e-85dfb5f536c3,Rebound Technologies,889ec859-ae35-0768-8ca5-7132a248f423,2017-07-20,2017,926.9621245102306,889ec859-ae35-0768-8ca5-7132a248f423,organization,True,government_office,https://www.crunchbase.com/organization/prime-coalition,False,False,False,"['PRIME Coalition', 'Closed Loop Fund', ""Investor's Circle"", 'K2 Wind Foundation', 'Incite Media Labs', 'The Casey and Family Foundation']",early_stage
28874f55-e33b-4b19-a7fa-248cf4fd2885,Pre Seed Round - Enpal,funding_round,enpal-pre-seed--28874f55,https://www.crunchbase.com/funding_round/enpal-pre-seed--28874f55,435719.0,2019-08-28 16:06:47,2019-08-28 16:13:36,DEU,,Berlin,Berlin,pre_seed,2017-07-25,,,,,,,1.0,682c2acd-fc98-4ec5-b1e3-ba5d9652c2b1,Enpal,9dda8c60-3517-927f-0c15-4807e7bd6054,2017-07-25,2017,,9dda8c60-3517-927f-0c15-4807e7bd6054,organization,True,venture_capital,https://www.crunchbase.com/organization/picus-capital,False,False,False,['Picus Capital'],early_stage
85e0f46e-45ba-819f-20bf-2ba7f492dcf0,Pre Seed Round - Airthium,funding_round,airthium-pre-seed--85e0f46e,https://www.crunchbase.com/funding_round/airthium-pre-seed--85e0f46e,609622.0,2017-08-22 17:37:11,2022-02-24 22:57:01,FRA,,Ile-de-France,Les-loges-en-josas,pre_seed,2017-08-22,500.0,500.0,USD,,,,1.0,f21dbee0-2fb5-20b6-5b91-da08a3abeebc,Airthium,,2017-08-22,2017,389.57182907144676,73633ee4-ea65-2967-6c5d-9b5fec7d2d5e,organization,False,accelerator,https://www.crunchbase.com/organization/y-combinator,True,False,True,['Y Combinator'],early_stage
82eb6f3f-1b4d-42f2-be72-e4bb079a7a5b,Pre Seed Round - Stash Energy,funding_round,stash-energy-pre-seed--82eb6f3f,https://www.crunchbase.com/funding_round/stash-energy-pre-seed--82eb6f3f,563442.0,2020-09-07 17:38:24,2022-04-14 23:38:34,CAN,NB,New Brunswick,Fredericton,pre_seed,2017-09-01,,,,,,,,3fa60c95-1adf-4016-ac85-13e5caa44bc5,Stash Energy,,2017-09-01,2017,,,,,,,,False,False,[None],early_stage
a6f6324e-0911-40a0-8f0b-a85712df45cd,Angel Round - Thermavance,funding_round,thermavance-angel--a6f6324e,https://www.crunchbase.com/funding_round/thermavance-angel--a6f6324e,400620.0,2022-02-08 20:34:06,2022-02-08 20:34:06,USA,MI,Michigan,Traverse City,angel,2018-01-30,,,,,,,1.0,4bb3d3d5-115e-4208-8d66-f8665d2cc3dc,Thermavance,8f99a40b-c00a-0b27-323c-bbaa574e8ad0,2018-01-30,2018,,8f99a40b-c00a-0b27-323c-bbaa574e8ad0,organization,True,angel_group,https://www.crunchbase.com/organization/northern-michigan-angels,False,False,False,['Northern Michigan Angels'],early_stage
4dcf0958-a8b8-4337-9d24-7fa394f308d6,Seed Round - Dandelion Energy,funding_round,dandelion-energy-seed--4dcf0958,https://www.crunchbase.com/funding_round/dandelion-energy-seed--4dcf0958,424542.0,2018-03-27 12:21:36,2018-03-27 12:21:36,USA,NY,New York,Mount Kisco,seed,2018-03-27,4500.0,4500.0,USD,,,,10.0,db47fba5-1c8a-46ea-881b-2be8e7e359ef,Dandelion Energy,47b84763-9727-7cdf-b194-2742e3963147,2018-03-27,2018,3197.559793148028,9da42114-b627-6926-f3b7-fd07e23fc337,organization,,venture_capital,https://www.crunchbase.com/organization/boxgroup,False,False,False,"['BoxGroup', 'Collaborative Fund', 'ZhenFund', 'Borealis Ventures', 'New Enterprise Associates', 'Daniel Yates', 'Ground Up Ventures', 'Andrew Schoen', 'Building Ventures', 'Matt Kraning']",early_stage
354fdd18-8aac-4bdb-8d49-ab6254bee0ac,Series A - EnergySage,funding_round,energysage-series-a--354fdd18,https://www.crunchbase.com/funding_round/energysage-series-a--354fdd18,269298.0,2018-08-25 15:11:53,2018-08-25 15:11:53,USA,MA,Massachusetts,Boston,series_a,2018-04-01,2700.0,2700.0,USD,,,,3.0,9682e7ff-42dd-b697-630d-6778b675b4f7,EnergySage,"3544f4f7-8a34-9bea-49d0-d0d14e64b51b,eff5c268-fe0a-600c-2b0c-f4268f8beff3",2018-04-01,2018,1918.8875353279407,080debe2-619c-9cd2-ee32-3b6a98ee5b26,organization,,angel_group,https://www.crunchbase.com/organization/launchpad-venture-group,False,False,False,"['LaunchPad Venture', 'Massachusetts Clean Energy Center', 'Clean Energy Venture Group']",early_stage
d27d68ee-ffc6-4043-b014-088c2654f701,Pre Seed Round - Stash Energy,funding_round,stash-energy-pre-seed--d27d68ee,https://www.crunchbase.com/funding_round/stash-energy-pre-seed--d27d68ee,679822.0,2020-09-03 09:02:05,2022-04-14 23:39:26,CAN,NB,New Brunswick,Fredericton,pre_seed,2018-06-12,,,,,,,,3fa60c95-1adf-4016-ac85-13e5caa44bc5,Stash Energy,,2018-06-12,2018,,,,,,,,False,False,[None],early_stage
8d2e39f7-dbfe-41de-9997-5818d61c5b33,Seed Round - Enpal,funding_round,enpal-seed--8d2e39f7,https://www.crunchbase.com/funding_round/enpal-seed--8d2e39f7,375528.0,2019-08-28 16:09:50,2019-08-28 16:13:18,DEU,,Berlin,Berlin,seed,2018-07-20,,,,,,,1.0,682c2acd-fc98-4ec5-b1e3-ba5d9652c2b1,Enpal,9dda8c60-3517-927f-0c15-4807e7bd6054,2018-07-20,2018,,9dda8c60-3517-927f-0c15-4807e7bd6054,organization,True,venture_capital,https://www.crunchbase.com/organization/picus-capital,False,False,False,['Picus Capital'],early_stage
50b727a3-cdd1-4131-a5a8-24a94d4e06ba,Seed Round - Emergent Energy,funding_round,emergent-energy-fa51-seed--50b727a3,https://www.crunchbase.com/funding_round/emergent-energy-fa51-seed--50b727a3,685046.0,2021-10-14 01:51:31,2021-10-14 01:51:31,GBR,,England,London,seed,2018-12-16,,,,,,,1.0,a32ef789-3f92-41fb-afd6-3a1a5e5ffa51,Emergent Energy,,2018-12-16,2018,,5dbcc55b-53dc-7a7a-ab6b-71456e025b31,organization,,"micro_vc,venture_capital",https://www.crunchbase.com/organization/ascension-ventures-limited,False,True,True,['Ascension'],early_stage
9981ef37-85fa-4afc-a9fa-a6a46c39b85b,Series A - Dandelion Energy,funding_round,dandelion-energy-series-a--9981ef37,https://www.crunchbase.com/funding_round/dandelion-energy-series-a--9981ef37,268098.0,2019-02-15 03:48:41,2019-02-15 03:48:41,USA,NY,New York,Mount Kisco,series_a,2019-02-14,16000.0,16000.0,USD,,,,8.0,db47fba5-1c8a-46ea-881b-2be8e7e359ef,Dandelion Energy,"827b9f49-e324-edb8-e546-8f2f4e69711a,3c62db15-4db8-016a-145e-dd1a06d168e2",2019-02-14,2019,12487.752928647496,8d18b6b5-47f7-71fd-689c-1e23cc7ba1f4,organization,,,https://www.crunchbase.com/organization/lennar-corporation,,False,False,"['Lennar Corporation', 'Comcast Ventures', 'ZhenFund', 'New Enterprise Associates', 'Google Ventures', 'Collaborative Fund', 'Ground Up Ventures', 'Building Ventures']",early_stage
6ece1c82-2c25-4219-ad27-99b596d6ae0f,Pre Seed Round - Gradient,funding_round,treau-inc-pre-seed--6ece1c82,https://www.crunchbase.com/funding_round/treau-inc-pre-seed--6ece1c82,269666.0,2021-05-18 11:25:03,2021-07-01 07:14:07,USA,CA,California,San Francisco,pre_seed,2019-03-04,100.0,100.0,USD,,,,2.0,05f7aa3e-9421-44ef-b888-4f54fc4a80f0,Gradient,"3c3b82b1-0a4d-6f43-6b53-f5d3fc0f8bb1,5f96a8ee-6c9d-5f5f-bd95-c2997bdcc6c0",2019-03-04,2019,75.65934550586576,3c3b82b1-0a4d-6f43-6b53-f5d3fc0f8bb1,organization,True,venture_capital,https://www.crunchbase.com/organization/urban-us,False,False,False,"['Third Sphere', 'URBAN-X']",early_stage
c0b13203-2969-43d2-a83c-7f46a2e17f3e,Seed Round - Perl Street,funding_round,perl-street-inc-seed--c0b13203,https://www.crunchbase.com/funding_round/perl-street-inc-seed--c0b13203,589232.0,2020-04-22 12:31:08,2020-04-22 12:31:08,USA,NY,New York,New York,seed,2019-03-13,,,,,,,3.0,4bbab7ef-d685-45b5-8756-f35cbaadf963,Perl Street,,2019-03-13,2019,,3c3b82b1-0a4d-6f43-6b53-f5d3fc0f8bb1,organization,,venture_capital,https://www.crunchbase.com/organization/urban-us,False,False,False,"['Third Sphere', 'Daft Capital', 'Global Founders Capital']",early_stage
79bf47c3-6fc7-4818-af83-edcde2490523,Seed Round - Rebound Technologies,funding_round,rebound-technology-llc-seed--79bf47c3,https://www.crunchbase.com/funding_round/rebound-technology-llc-seed--79bf47c3,576379.0,2021-03-03 06:37:31,2024-03-11 05:27:25,USA,CO,Colorado,Commerce City,seed,2019-05-23,2626.043,2626.043,USD,,,,,2b0e64ea-038e-2b3d-315e-85dfb5f536c3,Rebound Technologies,,2019-05-23,2019,2076.9762842265914,,,,,,,False,False,[None],early_stage
05e53c60-e559-49ba-ba9b-2bc0bee92dcd,Pre Seed Round - Emergent Energy,funding_round,emergent-energy-fa51-pre-seed--05e53c60,https://www.crunchbase.com/funding_round/emergent-energy-fa51-pre-seed--05e53c60,521632.0,2021-10-05 06:09:16,2021-10-05 06:09:16,GBR,,England,London,pre_seed,2019-06-20,,,,,,,1.0,a32ef789-3f92-41fb-afd6-3a1a5e5ffa51,Emergent Energy,,2019-06-20,2019,,5dbcc55b-53dc-7a7a-ab6b-71456e025b31,organization,,"micro_vc,venture_capital",https://www.crunchbase.com/organization/ascension-ventures-limited,False,True,True,['Ascension'],early_stage
9b0d26a1-14be-460c-8611-b7aa90f8f05f,Pre Seed Round - Cowa Thermal Solutions,funding_round,cowa-thermal-solutions-pre-seed--9b0d26a1,https://www.crunchbase.com/funding_round/cowa-thermal-solutions-pre-seed--9b0d26a1,651604.0,2019-07-31 07:00:24,2020-12-07 07:14:44,CHE,,Luzern,Horw,pre_seed,2019-07-30,40.4,40.0,CHF,,,,,1a7f8a22-be1b-456a-bd00-a4bc1bd7c4b8,Cowa Thermal Solutions,,2019-07-30,2019,33.21362565682189,,,,,,,False,False,[None],early_stage
92dc66e0-4bed-4b6a-8e5b-9d20ba6a086f,Series A - Enpal,funding_round,enpal-series-a--92dc66e0,https://www.crunchbase.com/funding_round/enpal-series-a--92dc66e0,590093.0,2019-08-28 16:06:47,2019-08-28 16:06:47,DEU,,Berlin,Berlin,series_a,2019-08-20,,,,,,,2.0,682c2acd-fc98-4ec5-b1e3-ba5d9652c2b1,Enpal,,2019-08-20,2019,,9dda8c60-3517-927f-0c15-4807e7bd6054,organization,,venture_capital,https://www.crunchbase.com/organization/picus-capital,False,False,False,"['Picus Capital', 'Lukasz Gadowski']",early_stage
ae6998a3-d2d2-4490-87e7-43cb86bd09d5,Series A - Rebound Technologies,funding_round,rebound-technology-llc-series-a--ae6998a3,https://www.crunchbase.com/funding_round/rebound-technology-llc-series-a--ae6998a3,668879.0,2019-10-19 16:01:52,2019-10-19 16:01:52,USA,CO,Colorado,Commerce City,series_a,2019-09-02,5150.0,5150.0,USD,,,,,2b0e64ea-038e-2b3d-315e-85dfb5f536c3,Rebound Technologies,,2019-09-02,2019,4264.432895696572,,,,,,,False,False,[None],early_stage
318aa94c-8dcf-456e-9337-d73db3938617,Pre Seed Round - Stash Energy,funding_round,stash-energy-pre-seed--318aa94c,https://www.crunchbase.com/funding_round/stash-energy-pre-seed--318aa94c,561973.0,2019-09-10 03:33:25,2022-04-14 23:36:17,CAN,NB,New Brunswick,Fredericton,pre_seed,2019-09-09,,,,,,,,3fa60c95-1adf-4016-ac85-13e5caa44bc5,Stash Energy,,2019-09-09,2019,,,,,,,,False,False,[None],early_stage
4438f541-613e-4039-b4fe-564f38cb6f65,Series A - Mixergy,funding_round,mixergy-ltd-series-a--4438f541,https://www.crunchbase.com/funding_round/mixergy-ltd-series-a--4438f541,686841.0,2019-12-11 10:09:21,2020-01-14 14:02:59,GBR,,Oxfordshire,Cassington,series_a,2019-12-10,4726.587,3600.0,GBP,,,,5.0,c95a1e92-2399-4d14-99bc-2c05049623a2,Mixergy,,2019-12-10,2019,3600.0,d8ca4a72-08df-46ac-ac59-957c859ee25d,organization,,,https://www.crunchbase.com/organization/williams-advanced-engineering,,False,False,"['Williams Advanced Engineering', 'Foresight Group', 'IP Group', 'Oxford Science Enterprises', 'Centrica Innovations']",early_stage
9d3de7bd-ece7-4dc6-a0eb-62ee1269cdd3,Seed Round - Darcy Solutions,funding_round,darcy-solutions-seed--9d3de7bd,https://www.crunchbase.com/funding_round/darcy-solutions-seed--9d3de7bd,544601.0,2020-05-06 18:02:08,2020-05-06 18:02:08,USA,MN,Minnesota,Excelsior,seed,2019-12-12,525.0,525.0,USD,,,,,b8182427-2263-4c28-a27a-8f9e0ec6001b,Darcy Solutions,,2019-12-12,2019,398.6172218730359,,,,,,,False,False,[None],early_stage
3dab8981-d755-4677-ad32-32893e7230ee,Seed Round - Gradient,funding_round,treau-inc-seed--3dab8981,https://www.crunchbase.com/funding_round/treau-inc-seed--3dab8981,393005.0,2020-05-13 08:55:45,2021-03-04 02:19:12,USA,CA,California,San Francisco,seed,2019-12-20,5900.0,5900.0,USD,,,,2.0,05f7aa3e-9421-44ef-b888-4f54fc4a80f0,Gradient,1fb57aca-9a36-42ac-beee-916a086463f5,2019-12-20,2019,4526.310714607553,1fb57aca-9a36-42ac-beee-916a086463f5,organization,True,venture_capital,https://www.crunchbase.com/organization/prime-impact-fund,False,False,False,"['Prime Impact Fund', 'PRIME Coalition']",early_stage
c243dfbd-2e30-4565-bcc4-4b3364d764c8,Series A - Dandelion Energy,funding_round,dandelion-energy-series-a--c243dfbd,https://www.crunchbase.com/funding_round/dandelion-energy-series-a--c243dfbd,686155.0,2020-01-16 08:12:03,2020-01-16 08:12:03,USA,NY,New York,Mount Kisco,series_a,2020-01-15,12000.0,12000.0,USD,,,,6.0,db47fba5-1c8a-46ea-881b-2be8e7e359ef,Dandelion Energy,,2020-01-15,2020,9228.1098546042,afd154b4-dcb0-1eca-e3b6-1285f09606c1,organization,,venture_capital,https://www.crunchbase.com/organization/collaborative-fund,False,False,False,"['Collaborative Fund', 'Lennar Corporation', 'Ground Up Ventures', 'Comcast Ventures', 'Google Ventures', 'New Enterprise Associates']",early_stage
41c28641-e640-432e-bdf2-8a78f321d60b,Series A - Rebound Technologies,funding_round,rebound-technology-llc-series-a--41c28641,https://www.crunchbase.com/funding_round/rebound-technology-llc-series-a--41c28641,266715.0,2020-01-20 03:07:27,2020-01-20 03:07:27,USA,CO,Colorado,Commerce City,series_a,2020-01-16,5000.0,5000.0,USD,,,,5.0,2b0e64ea-038e-2b3d-315e-85dfb5f536c3,Rebound Technologies,"8a853a23-bd17-4416-ad38-73b8ecde4f71,693f90d0-8d23-fc1b-9e09-9846c5fd14af",2020-01-16,2020,3826.215417673919,8a853a23-bd17-4416-ad38-73b8ecde4f71,organization,True,venture_capital,https://www.crunchbase.com/organization/clean-energy-ventures-cev,False,False,False,"['Clean Energy Ventures', 'Skyview Ventures', 'Clean Energy Venture Group', 'Closed Loop Ventures', 'Autodesk Foundation']",early_stage
6c1e3215-9f35-4fad-99ae-9c14eca2d481,Pre Seed Round - Cowa Thermal Solutions,funding_round,cowa-thermal-solutions-pre-seed--6c1e3215,https://www.crunchbase.com/funding_round/cowa-thermal-solutions-pre-seed--6c1e3215,634599.0,2020-09-28 23:47:56,2020-12-07 07:15:22,CHE,,Luzern,Horw,pre_seed,2020-03-18,103.33,100.0,CHF,,,,1.0,1a7f8a22-be1b-456a-bd00-a4bc1bd7c4b8,Cowa Thermal Solutions,,2020-03-18,2020,87.41703015361274,1f091122-81cf-fc14-e315-17f351495916,organization,,incubator,https://www.crunchbase.com/organization/venturekick,True,False,True,['Venture Kick'],early_stage
7178d982-5984-4657-9b36-48d0c15bfb08,Angel Round - Air Excel,funding_round,air-excel-angel--7178d982,https://www.crunchbase.com/funding_round/air-excel-angel--7178d982,154339.0,2020-09-10 16:19:01,2020-09-10 20:48:42,USA,FL,Florida,Ocoee,angel,2020-08-17,,,,,,,,346cecd9-1846-477b-9caf-a7be876635a6,Air Excel,,2020-08-17,2020,,,,,,,,False,False,[None],early_stage
5bf5ad33-80ec-42c5-831c-f13765cccb80,Pre Seed Round - Gridcog,funding_round,gridcognition-pre-seed--5bf5ad33,https://www.crunchbase.com/funding_round/gridcognition-pre-seed--5bf5ad33,406211.0,2021-01-02 04:03:23,2021-01-02 04:03:23,GBR,,England,London,pre_seed,2020-08-20,54.033,75.0,AUD,2881741.0,4000000.0,AUD,2.0,c91de361-05b0-4791-8018-a51d8e335ce8,Gridcog,0eddbd74-e64e-2e48-1036-0765c526a62f,2020-08-20,2020,40.87871735976789,c0b94b29-0759-f524-4bdd-547958ca2617,organization,False,venture_capital,https://www.crunchbase.com/organization/blackbird-ventures-australia,False,False,False,"['Blackbird Ventures', 'Startmate']",early_stage
d7985976-d694-44c8-8730-3724de731813,Seed Round - Forge,funding_round,forge-2f1e-seed--d7985976,https://www.crunchbase.com/funding_round/forge-2f1e-seed--d7985976,132424.0,2023-02-06 18:17:18,2023-02-06 18:17:18,USA,MA,Massachusetts,Boston,seed,2020-11-25,,,,,,,3.0,7b2c861b-898a-43cc-9ff5-735ddd522f1e,Forge,a0fff4af-daff-56e5-80e1-d490f55afd4b,2020-11-25,2020,,386eb9bc-d8ae-2537-b5bd-534f14520ff3,organization,,venture_capital,https://www.crunchbase.com/organization/nextview-ventures,False,False,False,"['NextView Ventures', 'Eclipse Ventures', 'Bantam Group']",early_stage
36fef192-3baa-441a-aa40-90fffb2fd0be,Pre Seed Round - Gridcog,funding_round,gridcognition-pre-seed--36fef192,https://www.crunchbase.com/funding_round/gridcognition-pre-seed--36fef192,340721.0,2021-01-02 04:03:23,2021-01-02 04:03:23,GBR,,England,London,pre_seed,2020-12-16,454.182,600.0,AUD,4541821.0,6000000.0,AUD,1.0,c91de361-05b0-4791-8018-a51d8e335ce8,Gridcog,665bccc6-cba0-c615-78ed-da8c0598bcd4,2020-12-16,2020,335.1549400732782,665bccc6-cba0-c615-78ed-da8c0598bcd4,organization,True,micro_vc,https://www.crunchbase.com/organization/clean-energy-finance-corp,False,False,False,['Clean Energy Finance Corporation'],early_stage
86cd319a-2d00-4cff-b8d8-b9c13d8e6f08,Pre Seed Round - Ostrom,funding_round,ostrom-pre-seed--86cd319a,https://www.crunchbase.com/funding_round/ostrom-pre-seed--86cd319a,357908.0,2021-03-31 08:58:02,2021-03-31 08:58:02,DEU,,Berlin,Berlin,pre_seed,2020-12-20,,,,,,,2.0,6c3ae7dc-de4c-4cbb-8a86-823e91101b70,Ostrom,74c352f2-904f-45af-87d5-3917af65a734,2020-12-20,2020,,5356484b-7a4f-53f1-08fc-580ceb8ab739,person,False,angel,https://www.crunchbase.com/person/philipp-kloeckner,False,False,False,"['Philipp Kloeckner', '468 Capital']",early_stage
65abe40d-f00e-4311-b134-d6db6ce2e6a3,Pre Seed Round - Tetra,funding_round,inhome-5e5c-pre-seed--65abe40d,https://www.crunchbase.com/funding_round/inhome-5e5c-pre-seed--65abe40d,687858.0,2021-05-03 14:14:41,2021-12-30 14:19:08,USA,NY,New York,New York,pre_seed,2021-01-01,,,,,,,,f9508261-6876-4b45-918d-c5533c985e5c,Tetra,,2021-01-01,2021,,,,,,,,False,False,[None],early_stage
b243c0c5-b356-40d6-a2fb-cc90f2b103a3,Seed Round - EkoFachowcy.pl,funding_round,ekofachowcy-pl-seed--b243c0c5,https://www.crunchbase.com/funding_round/ekofachowcy-pl-seed--b243c0c5,103533.0,2021-06-21 05:56:49,2021-06-21 05:56:49,POL,,Zachodniopomorskie,Szczecin,seed,2021-01-01,,,,,,,2.0,6bf4d925-6514-433c-951a-2119af89880e,EkoFachowcy.pl,9c82d79c-09a5-e2f1-4be5-66c7754ea70d,2021-01-01,2021,,9c82d79c-09a5-e2f1-4be5-66c7754ea70d,organization,True,venture_capital,https://www.crunchbase.com/organization/xevin-investments,False,False,False,"['Xevin Investments', 'Protos Venture Capital']",early_stage
90f451f2-953f-4b0d-8656-fd7a9cda0c8c,Series B - Dandelion Energy,funding_round,dandelion-energy-series-b--90f451f2,https://www.crunchbase.com/funding_round/dandelion-energy-series-b--90f451f2,403950.0,2021-02-17 18:55:01,2021-02-17 18:55:01,USA,NY,New York,Mount Kisco,series_b,2021-02-17,30000.0,30000.0,USD,,,,8.0,db47fba5-1c8a-46ea-881b-2be8e7e359ef,Dandelion Energy,af5a73b9-09d0-838c-5167-7886eedfa714,2021-02-17,2021,21631.8407960199,af5a73b9-09d0-838c-5167-7886eedfa714,organization,True,venture_capital,https://www.crunchbase.com/organization/breakthrough-energy-ventures,False,True,True,"['Breakthrough Energy Ventures', 'Lennar Corporation', 'Google Ventures', 'Ground Up Ventures', 'Collaborative Fund', 'Building Ventures', 'New Enterprise Associates', 'Catchlight Ventures']",early_stage
67f4e723-dd96-4526-a6bf-0eaf14c2a789,Seed Round - Airthium,funding_round,airthium-seed--67f4e723,https://www.crunchbase.com/funding_round/airthium-seed--67f4e723,659775.0,2022-02-24 22:57:01,2022-02-24 22:57:01,FRA,,Ile-de-France,Les-loges-en-josas,seed,2021-05-01,1272.0,1272.0,USD,,,,,f21dbee0-2fb5-20b6-5b91-da08a3abeebc,Airthium,,2021-05-01,2021,915.370658418029,,,,,,,False,False,[None],early_stage
9e2fa2e2-3235-4abb-aa8d-3351ef4d5e8d,Seed Round - Thermavance,funding_round,thermavance-seed--9e2fa2e2,https://www.crunchbase.com/funding_round/thermavance-seed--9e2fa2e2,577285.0,2021-05-11 13:11:46,2022-03-15 13:22:57,USA,MI,Michigan,Traverse City,seed,2021-05-04,1000.843,1000.843,USD,,,,,4bb3d3d5-115e-4208-8d66-f8665d2cc3dc,Thermavance,,2021-05-04,2021,722.4286424590301,,,,,,,False,False,[None],early_stage
0dacaf30-9235-48de-9c7e-63d2cd36b186,Pre Seed Round - Ostrom,funding_round,ostrom-pre-seed--0dacaf30,https://www.crunchbase.com/funding_round/ostrom-pre-seed--0dacaf30,395627.0,2021-07-16 04:58:45,2021-08-10 13:36:46,DEU,,Berlin,Berlin,pre_seed,2021-05-20,,,,,,,2.0,6c3ae7dc-de4c-4cbb-8a86-823e91101b70,Ostrom,74c352f2-904f-45af-87d5-3917af65a734,2021-05-20,2021,,5356484b-7a4f-53f1-08fc-580ceb8ab739,person,,angel,https://www.crunchbase.com/person/philipp-kloeckner,False,False,False,"['Philipp Kloeckner', '468 Capital']",early_stage
7afe0819-3f15-4eb0-b863-689c966dc882,Seed Round - Guru Systems,funding_round,guru-systems-ac79-seed--7afe0819,https://www.crunchbase.com/funding_round/guru-systems-ac79-seed--7afe0819,111332.0,2021-06-21 02:07:19,2024-04-24 06:11:29,GBR,,England,London,seed,2021-06-17,2787.6,2000.0,GBP,,,,1.0,e9db560a-3df9-43e1-8fdd-73bf712bac79,Guru Systems,2d175f0b-d7d9-b386-e58e-5a25f3554efc,2021-06-17,2021,2000.0,2d175f0b-d7d9-b386-e58e-5a25f3554efc,organization,True,"private_equity_firm,venture_capital",https://www.crunchbase.com/organization/maven-capital-partners,False,False,False,['Maven Capital Partners'],early_stage
354e72a7-35ff-4ed8-98d0-09f36f5ba079,Seed Round - Regli,funding_round,regli-energy-seed--354e72a7,https://www.crunchbase.com/funding_round/regli-energy-seed--354e72a7,151234.0,2022-09-27 08:42:45,2022-09-27 08:44:12,CHE,,Zurich,Glattbrugg,seed,2021-07-01,,,,,,,,6591c323-b766-47bc-9ead-a479c9cf1476,Regli,,2021-07-01,2021,,,,,,,,False,False,[None],early_stage
485f44ed-1f0f-4409-ab90-152174e06ff7,Pre Seed Round - Green Fusion,funding_round,green-fusion-pre-seed--485f44ed,https://www.crunchbase.com/funding_round/green-fusion-pre-seed--485f44ed,584338.0,2021-10-11 09:54:51,2021-10-11 09:54:51,DEU,,Berlin,Berlin,pre_seed,2021-10-11,259.95,225.0,EUR,,,,2.0,5fb1fe1a-5ba8-4507-921c-4d3be0df79af,Green Fusion,,2021-10-11,2021,190.97549999999998,f5077fb4-81a7-4446-8233-60273c81b538,organization,,venture_capital,https://www.crunchbase.com/organization/vireo-ventures,False,False,False,"['Vireo Ventures', 'High Rise Ventures']",early_stage
3ce87d5b-790a-442c-b88c-c789b64bd3b1,Pre Seed Round - Homsai,funding_round,homsai-pre-seed--3ce87d5b,https://www.crunchbase.com/funding_round/homsai-pre-seed--3ce87d5b,413273.0,2022-08-02 10:00:07,2022-08-02 10:00:07,ITA,,Toscana,Lucca,pre_seed,2021-11-18,117.657,103.5,EUR,174496.0,153500.0,EUR,3.0,9d0d8095-b09d-4454-bf0a-1f8f6bb28057,Homsai,0d30fc8c-37e5-4fe8-b95b-c249a1a0895e,2021-11-18,2021,87.119055,0d30fc8c-37e5-4fe8-b95b-c249a1a0895e,organization,True,,https://www.crunchbase.com/organization/hastega,,False,False,"['Hastega', 'Gabriele Grassini', 'Giovanni Tamburini']",early_stage
c0a04f13-d6ac-47b0-8867-abc6c9a021ac,Seed Round - 1Komma5°,funding_round,1komma5-seed--c0a04f13,https://www.crunchbase.com/funding_round/1komma5-seed--c0a04f13,423890.0,2021-12-06 08:36:38,2021-12-06 08:36:38,DEU,,Hamburg,Hamburg,seed,2021-12-02,,,,,,,1.0,1ca6a7b3-465b-443d-9028-388cfd1ad060,1Komma5°,b88f8432-9309-405e-a723-e53d47dba144,2021-12-02,2021,,b88f8432-9309-405e-a723-e53d47dba144,organization,True,"corporate_venture_capital,private_equity_firm",https://www.crunchbase.com/organization/porsche-ventures,False,False,False,['Porsche Ventures'],early_stage
492ef102-f8a9-4b4d-b264-20f1eb381e55,Seed Round - Tetra,funding_round,inhome-5e5c-seed--492ef102,https://www.crunchbase.com/funding_round/inhome-5e5c-seed--492ef102,686411.0,2021-12-21 23:45:18,2022-08-19 14:06:15,USA,NY,New York,New York,seed,2021-12-20,4300.0,4300.0,USD,,,,1.0,f9508261-6876-4b45-918d-c5533c985e5c,Tetra,,2021-12-20,2021,3250.0798367781426,20242b76-1950-6156-2811-f7171fc99de8,organization,,"micro_vc,venture_capital",https://www.crunchbase.com/organization/fj-labs,False,False,False,['FJ Labs'],early_stage
9aa0b33e-7304-48d2-9cc5-1717af391598,Series A - Forge,funding_round,forge-2f1e-series-a--9aa0b33e,https://www.crunchbase.com/funding_round/forge-2f1e-series-a--9aa0b33e,320195.0,2023-07-27 15:24:30,2023-07-27 15:24:30,USA,MA,Massachusetts,Boston,series_a,2021-12-22,17000.0,17000.0,USD,,,,1.0,7b2c861b-898a-43cc-9ff5-735ddd522f1e,Forge,a0fff4af-daff-56e5-80e1-d490f55afd4b,2021-12-22,2021,12771.43615609238,a0fff4af-daff-56e5-80e1-d490f55afd4b,organization,True,"private_equity_firm,venture_capital",https://www.crunchbase.com/organization/eclipse-ventures,False,False,False,['Eclipse Ventures'],early_stage
b094b428-6832-4dc8-9d2a-765ab43ca742,Pre Seed Round - Klimio,funding_round,klimio-pre-seed--b094b428,https://www.crunchbase.com/funding_round/klimio-pre-seed--b094b428,142074.0,2023-02-05 18:14:04,2023-02-05 18:14:04,SWE,,Stockholms Lan,Stockholm,pre_seed,2022-01-01,588.964,5330.153,SEK,,,,,a2e1e590-374a-425c-bb44-f8b90d6f4799,Klimio,,2022-01-01,2022,436.4849837068619,,,,,,,False,False,[None],early_stage
92c4792b-0849-4fdf-b587-e94512bce9c5,Seed Round - Ostrom,funding_round,ostrom-seed--92c4792b,https://www.crunchbase.com/funding_round/ostrom-seed--92c4792b,432206.0,2022-01-10 11:14:05,2025-06-24 10:06:08,DEU,,Berlin,Berlin,seed,2022-01-10,4985.333,4400.0,EUR,,,,3.0,6c3ae7dc-de4c-4cbb-8a86-823e91101b70,Ostrom,74c352f2-904f-45af-87d5-3917af65a734,2022-01-10,2022,3669.512,560aecaa-e753-4a6f-b5a0-d22ac018b94f,organization,False,venture_capital,https://www.crunchbase.com/organization/übermorgen-ventures,False,False,False,"['Übermorgen Ventures', '468 Capital', 'J12']",early_stage
9260dc49-eed4-46cb-8dd5-96377978b56e,Seed Round - Skyven Technologies,funding_round,skyven-technologies-seed--9260dc49,https://www.crunchbase.com/funding_round/skyven-technologies-seed--9260dc49,374265.0,2022-06-21 23:36:14,2022-06-23 04:11:51,USA,TX,Texas,Farmers Branch,seed,2022-01-11,4000.0,4000.0,USD,,,,3.0,a6c4615f-1928-8aac-3492-97a68853df8f,Skyven Technologies,a7b412c7-d50a-4983-891f-715aea9377c7,2022-01-11,2022,2945.483415666902,a7b412c7-d50a-4983-891f-715aea9377c7,organization,True,"accelerator,angel_group,venture_capital",https://www.crunchbase.com/organization/volo-earth-ventures,True,False,True,"['VoLo Earth Ventures', 'SWAN Impact Network', 'Global Founders Capital']",early_stage
89c1c074-fcb7-4aa9-9275-843bca57a3a4,Seed Round - Perl Street,funding_round,perl-street-inc-seed--89c1c074,https://www.crunchbase.com/funding_round/perl-street-inc-seed--89c1c074,184468.0,2022-11-04 00:04:39,2024-06-17 10:01:03,USA,NY,New York,New York,seed,2022-01-13,,,,,,,2.0,4bbab7ef-d685-45b5-8756-f35cbaadf963,Perl Street,,2022-01-13,2022,,20242b76-1950-6156-2811-f7171fc99de8,organization,,"micro_vc,venture_capital",https://www.crunchbase.com/organization/fj-labs,False,False,False,"['FJ Labs', 'Y Combinator']",early_stage
8cb2cdb5-ba31-4cf5-a46c-14f1b73ffe6b,Series A - Exergyn,funding_round,exergyn-series-a--8cb2cdb5,https://www.crunchbase.com/funding_round/exergyn-series-a--8cb2cdb5,265899.0,2022-01-21 13:09:17,2022-01-21 13:09:17,IRL,,Dublin,Glasnevin,series_a,2022-01-21,34034.25,30000.0,EUR,,,,3.0,4c20fa4f-754c-1942-d83e-48d913bd5cf6,Exergyn,"b3e1f712-bcca-4320-9e17-b1efeba43ff5,589fcc5e-5916-724e-1631-eb42c92f2303",2022-01-21,2022,25089.9,589fcc5e-5916-724e-1631-eb42c92f2303,organization,True,,https://www.crunchbase.com/organization/mercuria-energy-group,,False,False,"['Mercuria', 'Lacerta Partners', 'McWin Partners']",early_stage
312d10c7-3a84-4362-937c-8bc32f99c723,Seed Round - Gridcog,funding_round,gridcognition-seed--312d10c7,https://www.crunchbase.com/funding_round/gridcognition-seed--312d10c7,543915.0,2022-02-05 06:35:52,2022-02-05 06:35:52,GBR,,England,London,seed,2022-02-03,2250.0,2250.0,USD,,,,6.0,c91de361-05b0-4791-8018-a51d8e335ce8,Gridcog,,2022-02-03,2022,1658.8516746411483,e6cd0ede-26a8-0f99-a471-795e589fa990,person,,"angel,investment_partner",https://www.crunchbase.com/person/kara-frederick,False,False,False,"['Kara Frederick', 'AfterWork Ventures', 'John Clifford', 'Alberts Impact Ventures', 'Ed McManus', 'Clean Energy Finance Corporation']",early_stage
cef1fc91-3a24-4402-874e-41a36a61be47,Series A - EINHUNDERT Energy,funding_round,einhundert-energy-series-a--cef1fc91,https://www.crunchbase.com/funding_round/einhundert-energy-series-a--cef1fc91,592501.0,2022-02-17 05:58:09,2023-08-29 09:52:32,DEU,,Nordrhein-Westfalen,Cologne,series_a,2022-02-15,7380.945,6500.0,EUR,,,,6.0,64c733b8-ff4a-4fad-a18d-1f4260bdfd06,EINHUNDERT Energy,,2022-02-15,2022,5444.725,b631a35a-4657-43dc-959a-4f2466597ff4,organization,,,https://www.crunchbase.com/organization/ewe,,False,False,"['EWE', 'NRW.BANK', 'Übermorgen Ventures', 'kopa ventures', 'Minol Messtechnik', 'Clima Now']",early_stage
4690b806-ff51-43c7-a87e-4b65648ff78e,Seed Round - Green Fusion,funding_round,green-fusion-seed--4690b806,https://www.crunchbase.com/funding_round/green-fusion-seed--4690b806,545216.0,2022-02-21 07:22:58,2022-02-21 07:22:58,DEU,,Berlin,Berlin,seed,2022-02-17,,,,,,,4.0,5fb1fe1a-5ba8-4507-921c-4d3be0df79af,Green Fusion,,2022-02-17,2022,,9e5a23a8-a42d-490a-8fe6-98ab0cbb4ded,organization,,"micro_vc,venture_capital",https://www.crunchbase.com/organization/high-rise-ventures,False,False,False,"['High Rise Ventures', 'Marc Stilke', 'BitStone Capital', 'Vireo Ventures']",early_stage
e6d02de0-26fa-4f4b-ba44-19a9e44d1ca2,Seed Round - Airthium,funding_round,airthium-seed--e6d02de0,https://www.crunchbase.com/funding_round/airthium-seed--e6d02de0,699299.0,2022-03-03 17:52:47,2022-03-03 17:52:47,FRA,,Ile-de-France,Les-loges-en-josas,seed,2022-02-22,300.0,300.0,USD,,,,,f21dbee0-2fb5-20b6-5b91-da08a3abeebc,Airthium,,2022-02-22,2022,221.34985011461822,,,,,,,False,False,[None],early_stage
d258068a-ecf3-4580-bb87-e009a1309eb9,Pre Seed Round - Quatt.io,funding_round,quatt-io-pre-seed--d258068a,https://www.crunchbase.com/funding_round/quatt-io-pre-seed--d258068a,633868.0,2022-09-15 08:42:55,2022-09-15 08:42:55,NLD,,Noord-Holland,Amsterdam,pre_seed,2022-03-01,1391.525,1250.0,EUR,,,,,7ccb1f01-4447-44e9-ba34-d82b740cc51c,Quatt.io,,2022-03-01,2022,1041.125,,,,,,,False,False,[None],early_stage
c9af88f2-8de6-432b-92bd-ee6a56f9371c,Series A - 1Komma5°,funding_round,1komma5-series-a--c9af88f2,https://www.crunchbase.com/funding_round/1komma5-series-a--c9af88f2,215247.0,2022-06-30 15:45:06,2022-07-04 09:53:12,DEU,,Hamburg,Hamburg,series_a,2022-04-11,217540.509,200000.0,EUR,,,,9.0,1ca6a7b3-465b-443d-9028-388cfd1ad060,1Komma5°,"67ec227a-b67d-48cd-59d4-7c09aa461ae6,e6f9c8f6-8e90-910a-0356-1c6b07069ae1,c250ecc2-4f96-b21b-4485-23245263a764,b88f8432-9309-405e-a723-e53d47dba144",2022-04-11,2022,167386.0,fdc5a821-26a9-4f97-80dd-633ebc95e3fe,organization,,"accelerator,venture_capital",https://www.crunchbase.com/organization/be-capital,True,False,True,"['Blue Elephant Capital', 'Porsche Ventures', 'eCAPITAL ENTREPRENEURIAL PARTNERS', 'Eurazeo', 'Jan Klatten', 'b2venture', 'Haniel', 'Schürfeld Group', 'kopa ventures']",early_stage
107190bb-048e-48f6-b92c-d5e7402d11ab,Seed Round - Skawen,funding_round,skawen-seed--107190bb,https://www.crunchbase.com/funding_round/skawen-seed--107190bb,96733.0,2022-04-27 10:43:59,2024-06-03 11:19:12,SWE,,Stockholms Lan,Stockholm,seed,2022-04-27,,,,,,,1.0,7a31cbaf-49ee-4010-bcfc-c749bd51f9ba,Skawen,4d234251-7750-4bc5-81d4-1a292163d482,2022-04-27,2022,,4d234251-7750-4bc5-81d4-1a292163d482,organization,True,"angel_group,venture_capital",https://www.crunchbase.com/organization/katalysen-partners,False,False,False,['Katalysen Ventures'],early_stage
64e8fa36-5fca-4919-97e1-562f7c9efa6e,Pre Seed Round - Lun,funding_round,lun-e2b4-pre-seed--64e8fa36,https://www.crunchbase.com/funding_round/lun-e2b4-pre-seed--64e8fa36,133311.0,2022-09-12 16:17:25,2022-09-12 16:17:25,DNK,,Hovedstaden,Copenhagen,pre_seed,2022-05-01,,,,,,,2.0,8c19f427-9118-4c36-8982-a7f8403de2b4,Lun,,2022-05-01,2022,,36831ab7-ce36-46c2-aa4b-414181eda863,organization,,"angel_group,family_investment_office,venture_capital",https://www.crunchbase.com/organization/loric-ventures,False,False,False,"['Loric Ventures', 'Foundamental']",early_stage
4c2f619d-efb8-4fc5-b748-b4cf6bced91e,Angel Round - Pfaffen,funding_round,pfaffen-angel--4c2f619d,https://www.crunchbase.com/funding_round/pfaffen-angel--4c2f619d,130143.0,2022-06-01 10:55:37,2023-07-14 09:00:56,CHN,,Shanghai,Shanghai,angel,2022-05-30,,,,,,,2.0,52133ff5-bb7e-4198-952b-8fc75dac1ba0,Pfaffen,f168b304-9062-576e-f751-491140dea15b,2022-05-30,2022,,f168b304-9062-576e-f751-491140dea15b,organization,True,venture_capital,https://www.crunchbase.com/organization/plum-ventures,False,False,False,"['Plum Ventures', 'Launch Design']",early_stage
fde60903-7761-461d-80a8-f7513164f6a8,Seed Round - Cowa Thermal Solutions,funding_round,cowa-thermal-solutions-seed--fde60903,https://www.crunchbase.com/funding_round/cowa-thermal-solutions-seed--fde60903,581962.0,2023-02-07 07:45:02,2023-02-07 07:45:02,CHE,,Luzern,Horw,seed,2022-06-30,1046.96,1000.0,CHF,,,,,1a7f8a22-be1b-456a-bd00-a4bc1bd7c4b8,Cowa Thermal Solutions,,2022-06-30,2022,861.6465863453815,,,,,,,False,False,[None],early_stage
480346f1-b77f-448f-817b-8c484ac42936,Seed Round - Magneto,funding_round,magneto-6734-seed--480346f1,https://www.crunchbase.com/funding_round/magneto-6734-seed--480346f1,440739.0,2022-07-12 04:04:06,2022-07-12 09:51:59,NLD,,Zuid-Holland,Delft,seed,2022-07-07,1016.947,1000.0,EUR,,,,4.0,3da90aa8-204e-4f3c-8652-3299ba676734,Magneto,,2022-07-07,2022,851.05,7c016308-4659-31b1-be4b-0841d93baa32,organization,,venture_capital,https://www.crunchbase.com/organization/shift-invest,False,False,False,"['SHIFT Invest', 'Rabobank', 'UNIIQ', 'Graduate Entrepreneur Fund']",early_stage
883fcd03-2249-443a-9fab-726a6243eb7a,Seed Round - Thermavance,funding_round,thermavance-seed--883fcd03,https://www.crunchbase.com/funding_round/thermavance-seed--883fcd03,554629.0,2022-11-08 15:00:49,2023-01-31 12:53:24,USA,MI,Michigan,Traverse City,seed,2022-08-31,,,,,,,1.0,4bb3d3d5-115e-4208-8d66-f8665d2cc3dc,Thermavance,,2022-08-31,2022,,4e7cfe81-5790-4e98-bd49-d0b52d5755d7,organization,,venture_capital,https://www.crunchbase.com/organization/michigan-rise,False,False,False,['Michigan Rise'],early_stage
124b415c-5fc4-4cb9-af68-fa72458d3c01,Pre Seed Round - Homsai,funding_round,homsai-pre-seed--124b415c,https://www.crunchbase.com/funding_round/homsai-pre-seed--124b415c,103271.0,2022-12-13 15:45:29,2022-12-13 15:45:29,ITA,,Toscana,Lucca,pre_seed,2022-09-01,124.398,125.0,EUR,,,,3.0,9d0d8095-b09d-4454-bf0a-1f8f6bb28057,Homsai,727c1096-58a2-4623-9e9f-f1b262add77b,2022-09-01,2022,108.09125,5cc41214-d78b-4396-94f5-a39f37357f9c,organization,False,venture_capital,https://www.crunchbase.com/organization/novacapital,False,False,False,"['NovaCapital', 'Cassa Depositi e Prestiti', 'Digital Magics']",early_stage
3a42a567-c460-40a5-9d51-6ca624562da2,Seed Round - Quatt.io,funding_round,quatt-io-seed--3a42a567,https://www.crunchbase.com/funding_round/quatt-io-seed--3a42a567,614454.0,2022-09-15 05:30:54,2022-09-15 05:30:54,NLD,,Noord-Holland,Amsterdam,seed,2022-09-14,1996.383,2000.0,EUR,,,,2.0,7ccb1f01-4447-44e9-ba34-d82b740cc51c,Quatt.io,,2022-09-14,2022,1729.96,c07e9f8e-b01b-4243-b2cb-a46e50a9b934,organization,,venture_capital,https://www.crunchbase.com/organization/impact-equity-fund,False,False,False,"['Impact Equity Fund', 'Siep van der Valk']",early_stage
4d96925c-edad-4852-8781-285471a79601,Pre Seed Round - Derapi,funding_round,derapi-pre-seed--4d96925c,https://www.crunchbase.com/funding_round/derapi-pre-seed--4d96925c,99845.0,2023-01-30 22:56:59,2023-01-30 22:56:59,USA,CA,California,San Francisco,pre_seed,2022-09-15,,,,,,,3.0,b9ebd7e2-c546-4296-bf90-c3aee919bd8b,Derapi,48544001-dc68-42f7-9980-d4e909d61366,2022-09-15,2022,,48544001-dc68-42f7-9980-d4e909d61366,organization,True,venture_capital,https://www.crunchbase.com/organization/earthshot-ventures,False,False,False,"['Earthshot Ventures', 'Union Labs Ventures', 'Ubiquity Ventures']",early_stage
e91ad0a3-c3fa-46b7-806a-00b072508773,Series B - Dandelion Energy,funding_round,dandelion-energy-series-b--e91ad0a3,https://www.crunchbase.com/funding_round/dandelion-energy-series-b--e91ad0a3,229974.0,2022-11-16 10:23:29,2022-11-16 10:23:29,USA,NY,New York,Mount Kisco,series_b,2022-11-15,70000.0,70000.0,USD,,,,8.0,db47fba5-1c8a-46ea-881b-2be8e7e359ef,Dandelion Energy,"8fae3b58-4333-4777-ac0c-c9dd61cf5fff,73a4cead-0fb0-440e-5a69-002390236cb2",2022-11-15,2022,58841.311034217615,8fae3b58-4333-4777-ac0c-c9dd61cf5fff,organization,True,venture_capital,https://www.crunchbase.com/organization/lenx,False,False,False,"['LenX', 'NGP Energy Capital Management', 'Google Ventures', 'New Enterprise Associates', 'Breakthrough Energy Ventures', 'Collaborative Fund', 'Building Ventures', 'Sam Landman']",early_stage
bc0768b7-e80a-4fba-a1d0-5229d70d7932,Angel Round - Pfaffen,funding_round,pfaffen-angel--bc0768b7,https://www.crunchbase.com/funding_round/pfaffen-angel--bc0768b7,657182.0,2022-11-25 09:25:40,2022-11-25 09:25:40,CHN,,Shanghai,Shanghai,angel,2022-11-23,1395.245,10000.0,CNY,,,,1.0,52133ff5-bb7e-4198-952b-8fc75dac1ba0,Pfaffen,,2022-11-23,2022,1167.4326187451,cdbbdfff-cc52-48ea-8edf-eb0f0949b37a,organization,,venture_capital,https://www.crunchbase.com/organization/kuangshi-venture-partners,False,False,False,['Kuangshi Venture Partners'],early_stage
a94c3928-a7a8-4e08-ac92-222431cd89e3,Seed Round - Elephant Energy,funding_round,elephant-energy-seed--a94c3928,https://www.crunchbase.com/funding_round/elephant-energy-seed--a94c3928,54049.0,2022-11-30 15:39:29,2022-11-30 15:39:29,USA,CO,Colorado,Broomfield,seed,2022-11-30,3500.0,3500.0,USD,,,,4.0,be76dbdb-eae8-487c-bfeb-34f08234c8d4,Elephant Energy,cd7e5e56-ae5f-4cb0-b07d-db2b056b5f39,2022-11-30,2022,2917.386276021588,5ef8c3ae-4d4f-af42-a979-2327e0fb48ad,person,,"angel,investment_partner",https://www.crunchbase.com/person/daniel-gulati,False,False,False,"['Daniel Gulati', 'Reuben Munger', 'Building Ventures', 'Workshop Venture Partners']",early_stage
10cf5a95-bf12-4eef-9fe6-c0d610feac04,Series A - Ostrom,funding_round,ostrom-series-a--10cf5a95,https://www.crunchbase.com/funding_round/ostrom-series-a--10cf5a95,269539.0,2022-12-07 08:00:44,2025-06-24 10:06:08,DEU,,Berlin,Berlin,series_a,2022-12-07,9776.209,9300.0,EUR,,,,4.0,6c3ae7dc-de4c-4cbb-8a86-823e91101b70,Ostrom,"0352900c-0edc-43bb-a7e5-ff0126fb9b5a,b5d0d7dd-cfc2-4c56-9ed4-847db73f8cee",2022-12-07,2022,8035.9439999999995,0352900c-0edc-43bb-a7e5-ff0126fb9b5a,organization,True,venture_capital,https://www.crunchbase.com/organization/adjacent-9b5a,False,False,False,"['Adjacent', 'Union Square Ventures', 'J12', 'Übermorgen Ventures']",early_stage
94a3d300-431a-49f2-a33e-dfba65e81095,Seed Round - LAVA,funding_round,luminescent-solar-power-seed--94a3d300,https://www.crunchbase.com/funding_round/luminescent-solar-power-seed--94a3d300,416380.0,2022-12-16 10:05:18,2022-12-16 10:05:18,ISR,,Tel Aviv,Tel Aviv-yafo,seed,2022-12-15,7000.0,7000.0,USD,,,,2.0,bbc8504d-9a21-452d-90f9-08e4b2e64eba,LAVA,ff6bb06a-6074-627a-dcb4-e68898afc68e,2022-12-15,2022,5680.802184351756,ff6bb06a-6074-627a-dcb4-e68898afc68e,organization,True,venture_capital,https://www.crunchbase.com/organization/grove-ventures,False,False,False,"['Grove Ventures', 'Extantia Capital']",early_stage
aa1a14c2-00df-4fc7-9d36-044562d80c2d,Seed Round - YellowTin,funding_round,yellowtin-seed--aa1a14c2,https://www.crunchbase.com/funding_round/yellowtin-seed--aa1a14c2,509037.0,2023-01-27 19:49:59,2023-01-27 19:49:59,USA,CA,California,Sunnyvale,seed,2023-01-09,150.0,150.0,USD,,,,1.0,9aa813cb-563b-402f-b3fe-f7021aa57e2b,YellowTin,,2023-01-09,2023,123.47793567688856,b4386e5f-53a6-fc77-ebd4-b6e0bef0aaef,organization,,"accelerator,venture_capital",https://www.crunchbase.com/organization/er-accelerator,True,False,True,['(ERA) Entrepreneurs Roundtable Accelerator'],early_stage
3efeb6ff-a612-4fd8-97d2-fdad67b97050,Seed Round - EQUIUM,funding_round,equium-seed--3efeb6ff,https://www.crunchbase.com/funding_round/equium-seed--3efeb6ff,87603.0,2023-01-10 15:00:06,2023-01-10 15:01:02,FRA,,Pays de la Loire,Nantes,seed,2023-01-09,5366.373,5000.0,EUR,,,,1.0,20278d1a-87b0-4799-bb17-fdc804ee388e,EQUIUM,d420cb3c-c5c2-df2a-63db-4850847570c8,2023-01-09,2023,4402.400000000001,d420cb3c-c5c2-df2a-63db-4850847570c8,organization,True,"government_office,investment_bank",https://www.crunchbase.com/organization/bpifrance,False,False,False,['Bpifrance'],early_stage
b63554c1-0f14-476a-86a8-28996ba04a35,Pre Seed Round - Eli,funding_round,eli-7c6a-pre-seed--b63554c1,https://www.crunchbase.com/funding_round/eli-7c6a-pre-seed--b63554c1,392613.0,2023-10-20 12:28:34,2023-10-20 12:28:34,USA,DE,Delaware,New Castle,pre_seed,2023-02-01,1800.0,1800.0,USD,8000000.0,8000000.0,USD,4.0,7ead7a25-1c02-41ea-b9d1-481983797c6a,Eli,893abda3-7ffd-4d66-9274-c0619ae96ee3,2023-02-01,2023,1460.8353221957043,412fee1d-6b25-4541-a505-f58bc96a90d3,organization,,venture_capital,https://www.crunchbase.com/organization/untapped,False,False,False,"['Untapped', 'Looking Glass Capital', 'Lowercarbon Capital', 'Leap Forward Ventures']",early_stage
19309aed-4b34-462c-b207-4b6356ee48cd,Series A - Gradient,funding_round,treau-inc-series-a--19309aed,https://www.crunchbase.com/funding_round/treau-inc-series-a--19309aed,268908.0,2023-02-03 15:47:36,2023-02-03 19:01:01,USA,CA,California,San Francisco,series_a,2023-02-02,18000.0,18000.0,USD,,,,7.0,05f7aa3e-9421-44ef-b888-4f54fc4a80f0,Gradient,"1c953db4-3521-48e9-a304-e82ab113810f,02571853-1ed0-4b8b-b078-1d6c2020ef6a",2023-02-02,2023,14626.883873316345,02571853-1ed0-4b8b-b078-1d6c2020ef6a,organization,True,venture_capital,https://www.crunchbase.com/organization/sustainable-future-ventures,False,False,False,"['Sustainable Future Ventures', 'Safar Partners', 'Impact Science Ventures', 'Ajax Strategies', 'Climate Tech Circle', 'At One Ventures', 'Shared Future Fund']",early_stage
f5dd15fe-fd9a-4a12-9f9f-1282c3491a4d,Series A - Nyle Systems,funding_round,nyle-systems-series-a--f5dd15fe,https://www.crunchbase.com/funding_round/nyle-systems-series-a--f5dd15fe,288731.0,2023-02-09 12:53:11,2023-08-02 11:04:31,USA,ME,Maine,Brewer,series_a,2023-02-08,5999.996,5999.996,USD,,,,1.0,6b64c964-4ced-44ba-8785-c91699237931,Nyle Systems,de00253b-9b93-43ff-be29-044f8715e352,2023-02-08,2023,4963.201162552399,de00253b-9b93-43ff-be29-044f8715e352,organization,True,venture_capital,https://www.crunchbase.com/organization/aligned-climate-capital,False,False,False,['Aligned Climate Capital'],early_stage
3f65df5e-51d4-41c1-b796-941db5b5eddf,Seed Round - Green Fusion,funding_round,green-fusion-seed--3f65df5e,https://www.crunchbase.com/funding_round/green-fusion-seed--3f65df5e,439929.0,2023-02-23 03:42:11,2023-02-23 03:42:11,DEU,,Berlin,Berlin,seed,2023-02-21,2875.883,2700.0,EUR,,,,6.0,5fb1fe1a-5ba8-4507-921c-4d3be0df79af,Green Fusion,,2023-02-21,2023,2373.975,db3a35ec-3c03-42f2-9bfe-df8e4f0bcc86,organization,,venture_capital,https://www.crunchbase.com/organization/bitstone-capital,False,False,False,"['BitStone Capital', 'Übermorgen Ventures', 'Brandenburg Kapital', 'Vireo Ventures', 'High Rise Ventures', 'kopa ventures']",early_stage
b4064750-13cd-42ee-9faa-da6bbb95b5b5,Angel Round - Guangdong New Energy,funding_round,guangdong-new-energy-angel--b4064750,https://www.crunchbase.com/funding_round/guangdong-new-energy-angel--b4064750,120518.0,2023-03-07 12:46:25,2023-03-07 12:46:25,CHN,,Guangdong,Guangzhou,angel,2023-03-04,14476.389,100000.0,CNY,,,,,f5140325-4dac-4101-8648-1214df7bf7e3,Guangdong New Energy,,2023-03-04,2023,12051.947345024359,,,,,,,False,False,[None],early_stage
d07a2bab-59d5-4aa9-a975-fca5cafa563e,Seed Round - Lun,funding_round,lun-e2b4-seed--d07a2bab,https://www.crunchbase.com/funding_round/lun-e2b4-seed--d07a2bab,272380.0,2023-03-23 10:08:49,2023-03-23 10:08:49,DNK,,Hovedstaden,Copenhagen,seed,2023-03-22,11195.044,10300.0,EUR,,,,5.0,8c19f427-9118-4c36-8982-a7f8403de2b4,Lun,,2023-03-22,2023,9056.275,6d60e755-c96d-4959-a039-a23e004c7f52,organization,,venture_capital,https://www.crunchbase.com/organization/foundamental,False,False,False,"['Foundamental', 'Norrsken VC', 'Partech', 'Lowercarbon Capital', 'MCJ']",early_stage
a5f1b461-23e0-45a6-86fe-2eb7c9f2e281,Seed Round - Futraheat,funding_round,futraheat-seed--a5f1b461,https://www.crunchbase.com/funding_round/futraheat-seed--a5f1b461,218651.0,2023-04-07 09:13:24,2023-04-07 09:13:24,GBR,,Kingston upon Thames,Surbiton,seed,2023-04-04,1874.897,1500.0,GBP,,,,1.0,0e99aa82-2800-4ca1-975b-88d1bf48d0d6,Futraheat,6f89dfda-4cbc-4058-97ad-3c280adf9a27,2023-04-04,2023,1500.0,6f89dfda-4cbc-4058-97ad-3c280adf9a27,organization,True,venture_capital,https://www.crunchbase.com/organization/clean-growth-fund,False,True,True,['Clean Growth Fund'],early_stage
b042c826-e178-4554-928f-a8624c75f8c5,Series A - HeatTransformers,funding_round,heattransformers-series-a--b042c826,https://www.crunchbase.com/funding_round/heattransformers-series-a--b042c826,113147.0,2023-04-04 11:47:28,2023-04-04 11:47:28,NLD,,Utrecht,Woerdense Verlaat,series_a,2023-04-04,16436.735,15000.0,EUR,,,,3.0,bbd95624-421d-4a18-a6b2-db5b5b22cc36,HeatTransformers,bef8482a-9f2c-8a99-c725-1ffc36a92fc8,2023-04-04,2023,13099.95,582388be-dca6-4e6a-8f86-92cd62e73937,organization,,venture_capital,https://www.crunchbase.com/organization/energiiq,False,False,False,"['ENERGIIQ', 'Fair Capital Partners Impact Investing', 'Energy Impact Partners']",early_stage
4def17be-913f-4c3b-9d02-b8d9afcf8429,Seed Round - Shiyu Technology,funding_round,shiyu-technology-seed--4def17be,https://www.crunchbase.com/funding_round/shiyu-technology-seed--4def17be,78230.0,2023-04-28 06:03:08,2023-04-28 06:03:08,CHN,,Shanghai,Minhang,seed,2023-04-26,1443.668,10000.0,CNY,,,,1.0,12ba8fd4-3fad-4cf3-8a0c-ce34045e0476,Shiyu Technology,3e21021a-a65f-4128-bf76-9b9421c94fca,2023-04-26,2023,1158.7982832618025,3e21021a-a65f-4128-bf76-9b9421c94fca,organization,True,venture_capital,https://www.crunchbase.com/organization/boyuan-capital-4fca,False,False,False,['Boyuan Capital'],early_stage
876ba838-346a-469f-8a7a-521d4040aa3d,Pre Seed Round - Nido,funding_round,nido-120e-pre-seed--876ba838,https://www.crunchbase.com/funding_round/nido-120e-pre-seed--876ba838,563020.0,2023-08-30 18:19:44,2023-08-30 18:19:44,ESP,,Madrid,Madrid,pre_seed,2023-05-01,,,,,,,2.0,6c0ccd9d-cab7-486a-b95e-8602f0a2120e,Nido,,2023-05-01,2023,,3d24d2f2-bfa8-4480-9dc7-d34395e27ef9,organization,,venture_capital,https://www.crunchbase.com/organization/silence-vc,False,False,False,"['Silence VC', 'Zubi Labs']",early_stage
9470019d-ce18-41a2-bb71-2f881f932878,Seed Round - Nido,funding_round,nido-120e-seed--9470019d,https://www.crunchbase.com/funding_round/nido-120e-seed--9470019d,553734.0,2023-09-05 15:57:07,2023-09-05 15:57:07,ESP,,Madrid,Madrid,seed,2023-05-18,,,,,,,1.0,6c0ccd9d-cab7-486a-b95e-8602f0a2120e,Nido,,2023-05-18,2023,,fe925673-b0d5-411a-8c91-50023ed028b7,organization,,venture_capital,https://www.crunchbase.com/organization/rumbo-ventures,False,False,False,['Rumbo Ventures'],early_stage
36b92176-7232-4857-a52e-d192720f9ccd,Pre Seed Round - Monalee,funding_round,mona-lee-f807-pre-seed--36b92176,https://www.crunchbase.com/funding_round/mona-lee-f807-pre-seed--36b92176,418277.0,2023-08-01 04:38:05,2023-08-01 04:38:05,USA,MA,Massachusetts,Boston,pre_seed,2023-06-09,,,,,,,1.0,5d73c59c-c8b8-49d9-8d0a-87a2c4d8f807,Monalee,93c87ab7-7cee-5c54-9941-104693dbbdba,2023-06-09,2023,,93c87ab7-7cee-5c54-9941-104693dbbdba,organization,True,"accelerator,co_working_space,university_program,venture_capital",https://www.crunchbase.com/organization/plug-and-play-ventures,True,True,True,['Plug and Play'],early_stage
918e3748-3c08-4c64-bbcc-b845dbd88336,Series B - 1Komma5°,funding_round,1komma5-series-b--918e3748,https://www.crunchbase.com/funding_round/1komma5-series-b--918e3748,425406.0,2023-06-26 15:42:38,2023-10-28 18:22:51,DEU,,Hamburg,Hamburg,series_b,2023-06-23,272910.867,250000.0,EUR,1000000000.0,1000000000.0,USD,9.0,1ca6a7b3-465b-443d-9028-388cfd1ad060,1Komma5°,bd993d9d-7680-f33b-bbbe-7c34e35393e4,2023-06-23,2023,213697.5,fdc5a821-26a9-4f97-80dd-633ebc95e3fe,organization,False,"accelerator,venture_capital",https://www.crunchbase.com/organization/be-capital,True,False,True,"['Blue Elephant Capital', 'Norrsken VC', 'b2venture', 'G2 Venture Partners', 'Jan Klatten', 'Haniel', 'Eurazeo', 'Porsche Ventures', 'eCAPITAL ENTREPRENEURIAL PARTNERS']",early_stage
09c3fed1-9471-471d-acef-cbe5bebf4a0d,Series A - Gradient,funding_round,treau-inc-series-a--09c3fed1,https://www.crunchbase.com/funding_round/treau-inc-series-a--09c3fed1,325974.0,2023-06-28 17:06:21,2023-06-28 17:06:21,USA,CA,California,San Francisco,series_a,2023-06-27,9000.0,9000.0,USD,,,,1.0,05f7aa3e-9421-44ef-b888-4f54fc4a80f0,Gradient,b4c1dd21-254b-4d42-8638-6dfab895ae14,2023-06-27,2023,7067.025842388823,b4c1dd21-254b-4d42-8638-6dfab895ae14,organization,True,venture_capital,https://www.crunchbase.com/organization/ogci-climate-investments,False,False,False,['Climate Investment'],early_stage
abe62fb4-e001-4e88-bc56-3e217d048bba,Series A - Rebound Technologies,funding_round,rebound-technology-llc-series-a--abe62fb4,https://www.crunchbase.com/funding_round/rebound-technology-llc-series-a--abe62fb4,80169.0,2024-02-01 10:11:08,2024-02-12 05:45:36,USA,CO,Colorado,Commerce City,series_a,2023-07-20,759.205,759.205,USD,,,,,2b0e64ea-038e-2b3d-315e-85dfb5f536c3,Rebound Technologies,,2023-07-20,2023,589.3551719210503,,,,,,,False,False,[None],early_stage
65688137-1a42-4d06-90c5-fa1c8560bc2f,Seed Round - Flow Environmental Systems,funding_round,flow-environmental-systems-seed--65688137,https://www.crunchbase.com/funding_round/flow-environmental-systems-seed--65688137,679643.0,2023-08-22 14:42:51,2023-08-22 14:44:36,USA,WA,Washington,Seattle,seed,2023-08-21,750.0,750.0,USD,,,,,7fd7b10e-583e-4414-b5db-361771ec1b45,Flow Environmental Systems,,2023-08-21,2023,587.6993949394939,,,,,,,False,False,[None],early_stage
0d2f61fc-fa15-4f81-b6c8-806a2d3bce5c,Series A - Ostrom,funding_round,ostrom-series-a--0d2f61fc,https://www.crunchbase.com/funding_round/ostrom-series-a--0d2f61fc,86471.0,2023-09-08 06:43:03,2024-02-08 08:59:39,DEU,,Berlin,Berlin,series_a,2023-09-07,8000.0,8000.0,USD,,,,5.0,6c3ae7dc-de4c-4cbb-8a86-823e91101b70,Ostrom,d502b18e-bb42-4433-8174-8b56dabfb1af,2023-09-07,2023,6416.433239962652,d502b18e-bb42-4433-8174-8b56dabfb1af,organization,True,venture_capital,https://www.crunchbase.com/organization/schneider-electric-ventures,False,False,False,"['SE Ventures', 'Übermorgen Ventures', 'Union Square Ventures', 'J12', 'Adjacent']",early_stage
6e01eaad-c3f8-4d10-aec6-433373db3138,Seed Round - EVHACS,funding_round,evhacs-seed--6e01eaad,https://www.crunchbase.com/funding_round/evhacs-seed--6e01eaad,607687.0,2023-09-12 12:54:29,2023-09-12 12:54:29,IRL,,Kildare,Clane,seed,2023-09-11,1074.765,1000.0,EUR,,,,,63879a4b-c8c5-4649-b538-237f76575d21,EVHACS,,2023-09-11,2023,856.5,,,,,,,False,False,[None],early_stage
cbd6898d-afcd-49d1-b6a4-266170b6f6ba,Seed Round - Monalee,funding_round,mona-lee-f807-seed--cbd6898d,https://www.crunchbase.com/funding_round/mona-lee-f807-seed--cbd6898d,616554.0,2023-09-22 08:47:33,2023-09-22 08:47:33,USA,MA,Massachusetts,Boston,seed,2023-09-21,3250.0,3250.0,USD,,,,6.0,5d73c59c-c8b8-49d9-8d0a-87a2c4d8f807,Monalee,,2023-09-21,2023,2649.903620122238,ae6e4fc3-394e-901c-573c-0ddce81c0a0f,organization,,"micro_vc,venture_capital",https://www.crunchbase.com/organization/ludlow-ventures-llc,False,False,False,"['Ludlow Ventures', 'Palm Tree Crew Investments', 'Coalition Operators', 'Shrug Capital', 'Plug and Play', 'The Pags Group']",early_stage
f7ad2d26-ab2f-487b-a9ef-71110d2767eb,Seed Round - Vamo,funding_round,vamo-b430-seed--f7ad2d26,https://www.crunchbase.com/funding_round/vamo-b430-seed--f7ad2d26,632580.0,2023-10-03 09:32:43,2024-06-04 07:13:26,DEU,,Berlin,Berlin,seed,2023-09-27,3151.592,3000.0,EUR,,,,7.0,afcd6e35-8737-4556-864f-aeedd5fdb430,Vamo,,2023-09-27,2023,2604.2999999999997,3e0ab2b0-41bd-4c19-a9cb-31a7000f5e32,organization,,venture_capital,https://www.crunchbase.com/organization/caesar-ventures-llc,False,False,False,"['Caesar Ventures', 'Realyze Ventures', 'Hanno Heintzenberg', 'Neosfer', 'Valentin Sawadski', 'Max Schroeren', 'Tobias Schuett']",early_stage
388e5c99-f604-4cb3-9209-73db2e256e86,Series B - 1Komma5°,funding_round,1komma5-series-b--388e5c99,https://www.crunchbase.com/funding_round/1komma5-series-b--388e5c99,418817.0,2023-10-03 09:41:57,2024-05-27 16:00:52,DEU,,Hamburg,Hamburg,series_b,2023-09-28,,,,,,,1.0,1ca6a7b3-465b-443d-9028-388cfd1ad060,1Komma5°,29375ed1-ca6d-4095-af77-462d86b18faf,2023-09-28,2023,,29375ed1-ca6d-4095-af77-462d86b18faf,organization,True,venture_capital,https://www.crunchbase.com/organization/2150,False,True,True,['2150'],early_stage
b562a7fc-44ed-4651-8c7c-7db4c35649f8,Pre Seed Round - Zero Entropy,funding_round,zero-entropy-pre-seed--b562a7fc,https://www.crunchbase.com/funding_round/zero-entropy-pre-seed--b562a7fc,543479.0,2024-12-16 13:35:42,2024-12-16 13:35:42,DNK,,Hovedstaden,Copenhagen,pre_seed,2023-10-01,353.898,335.0,EUR,,,,,e7040a94-05e3-410a-84c6-c20ad43002b1,Zero Entropy,,2023-10-01,2023,290.01396666666665,,,,,,,False,False,[None],early_stage
d28dada6-f2ac-444c-a364-7961deb1c6b5,Series A - Aira,funding_round,aira-01e3-series-a--d28dada6,https://www.crunchbase.com/funding_round/aira-01e3-series-a--d28dada6,351839.0,2023-10-24 11:24:03,2023-10-24 11:24:03,SWE,,Stockholms Lan,Stockholm,series_a,2023-10-18,90678.52,1000000.0,SEK,,,,5.0,c6c64009-243a-43b8-848e-fe6b275601e3,Aira,,2023-10-18,2023,74894.28672725544,58737023-2a6f-7550-c99f-32355e2bf218,organization,,private_equity_firm,https://www.crunchbase.com/organization/creades-ab,False,False,False,"['Creades AB', 'Altor', 'Kinnevik', 'Lingotto', 'Collaborative Fund']",early_stage
5d197fa3-c398-41fa-86f5-da20b6aee8cb,Pre Seed Round - Daulto,funding_round,daulto-pre-seed--5d197fa3,https://www.crunchbase.com/funding_round/daulto-pre-seed--5d197fa3,53659.0,2023-11-24 16:01:52,2023-11-24 16:01:52,DEU,,Baden-Wurttemberg,Heidelberg,pre_seed,2023-10-26,,,,,,,1.0,acc9fbe2-f5e9-4a16-8d8f-1b1af2c4fc5f,Daulto,d1d7b4ab-0208-1fee-ff03-c9b12e542768,2023-10-26,2023,,d1d7b4ab-0208-1fee-ff03-c9b12e542768,person,True,"angel,investment_partner",https://www.crunchbase.com/person/klaas-kersting,False,False,False,['Klaas Kersting'],early_stage
1ae2f68f-e544-447f-8006-0847e2aa5e40,Pre Seed Round - autarc,funding_round,autarc-pre-seed--1ae2f68f,https://www.crunchbase.com/funding_round/autarc-pre-seed--1ae2f68f,229811.0,2023-12-11 21:59:59,2023-12-11 21:59:59,DEU,,Berlin,Berlin,pre_seed,2023-12-11,,,,,,,8.0,0a2b8897-ad4d-4ad4-9248-6086a8d8fb7f,autarc,7d43ff59-203b-47f0-9dde-3b86de7fc40f,2023-12-11,2023,,9af8fdd1-79a2-cf26-a008-3e96ac81c95e,person,,"angel,investment_partner",https://www.crunchbase.com/person/kai-hansen-2,False,False,False,"['Kai Hansen', 'better ventures', 'Christian Vollmann', 'PT1', 'Titus Albrecht', 'Jannes Fischer', 'Philipp Martin', 'David Balensiefen']",early_stage
911d0956-7144-4fa2-bd5e-c4e5220091c0,Seed Round - Tetra,funding_round,inhome-5e5c-seed--911d0956,https://www.crunchbase.com/funding_round/inhome-5e5c-seed--911d0956,215383.0,2023-12-15 10:49:35,2025-04-24 18:33:41,USA,NY,New York,New York,seed,2023-12-14,10500.0,10500.0,USD,,,,4.0,f9508261-6876-4b45-918d-c5533c985e5c,Tetra,"43b3c67c-b11f-4a85-8acf-d67b1b83f9c7,9dd7066b-069a-9dd9-c211-06db31253bd0,8e373031-0a2e-490c-9769-b5015522b389,ebef92fa-c852-dd62-1027-9ac044521e35",2023-12-14,2023,8265.660774796226,8e373031-0a2e-490c-9769-b5015522b389,organization,True,venture_capital,https://www.crunchbase.com/organization/gutter-capital,False,False,False,"['Gutter Capital', 'Lerer Hippeau', 'Greycroft', '1Sharpe Ventures']",early_stage
138ea6a7-4f69-4cb0-b4c2-8db2a2860bae,Seed Round - Cala Systems,funding_round,altus-thermal-seed--138ea6a7,https://www.crunchbase.com/funding_round/altus-thermal-seed--138ea6a7,58972.0,2024-01-11 08:07:46,2024-08-06 16:16:01,USA,MA,Massachusetts,Boston,seed,2024-01-10,5600.0,5600.0,USD,,,,7.0,888feb22-6ef5-4e49-b7ac-377201511553,Cala Systems,"3544f4f7-8a34-9bea-49d0-d0d14e64b51b,eff5c268-fe0a-600c-2b0c-f4268f8beff3",2024-01-10,2024,4400.9574273707285,eff5c268-fe0a-600c-2b0c-f4268f8beff3,organization,True,government_office,https://www.crunchbase.com/organization/massachusetts-clean-energy-center,False,False,False,"['Massachusetts Clean Energy Center', 'Clean Energy Venture Group', 'Burnt Island Ventures', 'Climate Capital', 'Leap Forward Ventures', 'CapeVista Capital', 'Collaborative Fund']",early_stage
a90fc636-3253-423c-8c98-5cd42aeedf66,Seed Round - Enerdrape,funding_round,enerdrape-seed--a90fc636,https://www.crunchbase.com/funding_round/enerdrape-seed--a90fc636,40562.0,2024-01-12 10:42:58,2024-01-12 10:42:58,CHE,,Vaud,Renens,seed,2024-01-11,1527.43,1300.0,CHF,,,,2.0,99350d4a-10ae-4bae-8208-b46b9712a3e4,Enerdrape,"fdea53e0-3781-4095-ae7d-2e747786869b,1e3917ae-8702-4e73-8da0-e0ce03b97523",2024-01-11,2024,1199.2771471407154,1e3917ae-8702-4e73-8da0-e0ce03b97523,organization,True,venture_capital,https://www.crunchbase.com/organization/romande-energie-cooperate-venture-capital,False,False,False,"['Romande Energie Cooperate Venture Capital', 'Après-demain']",early_stage
9f82ac9a-de40-4b6c-95f5-ff0eb233aa41,Series B - Aira,funding_round,aira-01e3-series-b--9f82ac9a,https://www.crunchbase.com/funding_round/aira-01e3-series-b--9f82ac9a,215234.0,2024-01-16 19:27:33,2024-01-18 07:54:32,SWE,,Stockholms Lan,Stockholm,series_b,2024-01-15,158702.015,145000.0,EUR,,,,8.0,c6c64009-243a-43b8-848e-fe6b275601e3,Aira,"87892a13-00bd-93bf-129b-2e2ea191492b,e9eeabaa-b4ba-e58d-fbfb-3b2939cf7f74,7468e6d9-c035-05d9-0133-f238f5308246",2024-01-15,2024,124808.75,e9eeabaa-b4ba-e58d-fbfb-3b2939cf7f74,organization,True,venture_capital,https://www.crunchbase.com/organization/investment-ab-kinnevik,False,False,False,"['Kinnevik', 'Temasek Holdings', 'Altor', 'Collaborative Fund', 'Creades AB', 'Lingotto', 'Statkraft Ventures', 'Nesta Impact Investments']",early_stage
802ee505-d36a-4af7-9e20-5b6b0ab1a089,Seed Round - Stepwise,funding_round,stepwise-d517-seed--802ee505,https://www.crunchbase.com/funding_round/stepwise-d517-seed--802ee505,208720.0,2025-05-16 08:09:05,2025-05-16 08:09:05,USA,NY,New York,Buffalo,seed,2024-01-29,,,,,,,1.0,bb99b342-b815-4a8b-8b48-500576e5d517,Stepwise,,2024-01-29,2024,,bb1c6d25-23b1-43b5-ba18-dee3b18ad9a9,organization,,venture_capital,https://www.crunchbase.com/organization/sbxi,False,False,False,['SBXi'],early_stage
f2e1cbf7-233d-4ea1-b22c-b81e940b90f1,Seed Round - Eli,funding_round,eli-7c6a-seed--f2e1cbf7,https://www.crunchbase.com/funding_round/eli-7c6a-seed--f2e1cbf7,79767.0,2024-02-18 03:45:51,2024-06-08 12:35:12,USA,DE,Delaware,New Castle,seed,2024-02-14,6800.0,6800.0,USD,,,,2.0,7ead7a25-1c02-41ea-b9d1-481983797c6a,Eli,"c55dd8ee-4ce7-48c1-9d9f-90f271b0d6e4,606a0692-c252-4aff-8882-2f65ae68e744",2024-02-14,2024,5411.69046952301,606a0692-c252-4aff-8882-2f65ae68e744,organization,True,venture_capital,https://www.crunchbase.com/organization/spero-ventures,False,False,False,"['Spero Ventures', 'Lowercarbon Capital']",early_stage
6d3d04dd-6651-4a02-b3a8-394b546245cf,Series A - Gradient,funding_round,treau-inc-series-a--6d3d04dd,https://www.crunchbase.com/funding_round/treau-inc-series-a--6d3d04dd,28830.0,2024-07-31 20:17:24,2024-07-31 20:17:24,USA,CA,California,San Francisco,series_a,2024-02-28,9500.0,9500.0,USD,84500000.0,84500000.0,USD,5.0,05f7aa3e-9421-44ef-b888-4f54fc4a80f0,Gradient,,2024-02-28,2024,7519.485566247225,9777d428-76ce-4ec6-b7f4-8e26b5c85653,organization,False,venture_capital,https://www.crunchbase.com/organization/dangerous-ventures,False,False,False,"['Dangerous Ventures', 'Climate Investment', 'Elemental Impact', 'Collaborative Fund', 'Climate Capital']",early_stage
ebcac9c8-3ffa-449f-b331-9f4f41c02792,Seed Round - Gridcog,funding_round,gridcognition-seed--ebcac9c8,https://www.crunchbase.com/funding_round/gridcognition-seed--ebcac9c8,29073.0,2024-03-04 12:52:26,2024-03-04 12:52:26,GBR,,England,London,seed,2024-03-04,4187.281,3300.0,GBP,,,,4.0,c91de361-05b0-4791-8018-a51d8e335ce8,Gridcog,2da43d4c-2e57-4782-b35f-c1f8faf03d39,2024-03-04,2024,3300.0,2da43d4c-2e57-4782-b35f-c1f8faf03d39,organization,True,venture_capital,https://www.crunchbase.com/organization/albion-vc,False,True,True,"['AlbionVC', 'Hazy', 'Quantexa', 'Virescent Ventures']",early_stage
a256e66a-0a1a-4e12-975c-b6df5e1774a1,Seed Round - Monalee,funding_round,mona-lee-f807-seed--a256e66a,https://www.crunchbase.com/funding_round/mona-lee-f807-seed--a256e66a,616476.0,2024-04-06 10:49:07,2024-04-06 10:49:07,USA,MA,Massachusetts,Boston,seed,2024-03-08,,,,,,,1.0,5d73c59c-c8b8-49d9-8d0a-87a2c4d8f807,Monalee,,2024-03-08,2024,,20242b76-1950-6156-2811-f7171fc99de8,organization,,"micro_vc,venture_capital",https://www.crunchbase.com/organization/fj-labs,False,False,False,['FJ Labs'],early_stage
1ec508f8-372b-43a7-87c6-21dc88fcde68,Pre Seed Round - Nusku,funding_round,nusku-pre-seed--1ec508f8,https://www.crunchbase.com/funding_round/nusku-pre-seed--1ec508f8,131910.0,2024-05-01 16:37:07,2024-05-01 17:23:39,GBR,,"Bristol, City of",Bristol,pre_seed,2024-05-01,307.116,245.0,GBP,,,,5.0,7ccdee75-9122-4fa1-b4f6-b8d4e7ea7bc0,Nusku,,2024-05-01,2024,245.0,ad63d3fa-57d2-40f3-80f0-e9d086107312,person,,angel,https://www.crunchbase.com/person/andy-rankin-7312,False,False,False,"['Andy Rankin', 'Lee Sutton', 'Michael Sweeney', 'Kate Rankin', 'Owen Coyle']",early_stage
c7225a19-5f73-4875-bfa7-668d7d86a1e6,Seed Round - Prets,funding_round,prêts-seed--c7225a19,https://www.crunchbase.com/funding_round/prêts-seed--c7225a19,49990.0,2024-06-10 08:47:04,2024-06-13 04:52:26,NLD,,Noord-Holland,Amsterdam,seed,2024-06-06,1089.172,1000.0,EUR,,,,3.0,85c27406-33e2-42f3-9f49-0a06b741a8fd,Prets,,2024-06-06,2024,850.88,412cde18-aa9f-73ed-4584-21cc1380c951,organization,,venture_capital,https://www.crunchbase.com/organization/rubio-impact-ventures-nl,False,False,False,"['Rubio Impact Ventures', 'Innovatiefonds Noord-Holland', 'Rockstart']",early_stage
b95612f1-4e18-4852-9971-26dcbda61dff,Seed Round - NOX Energy,funding_round,nox-energy-seed--b95612f1,https://www.crunchbase.com/funding_round/nox-energy-seed--b95612f1,548207.0,2024-07-08 20:20:51,2024-07-08 20:20:51,,,,,seed,2024-06-17,150.0,150.0,USD,,,,1.0,ef07b601-b2fc-43dd-a144-3ffa515d6774,NOX Energy,,2024-06-17,2024,118.4274645257655,b4386e5f-53a6-fc77-ebd4-b6e0bef0aaef,organization,,"accelerator,venture_capital",https://www.crunchbase.com/organization/er-accelerator,True,False,True,['(ERA) Entrepreneurs Roundtable Accelerator'],early_stage
92c0c22b-109b-47f9-b5d5-bc564569aea1,Series A - Quatt.io,funding_round,quatt-io-series-a--92c0c22b,https://www.crunchbase.com/funding_round/quatt-io-series-a--92c0c22b,39579.0,2024-07-22 05:56:09,2024-07-23 04:34:44,NLD,,Noord-Holland,Amsterdam,series_a,2024-07-17,27351.25,25000.0,EUR,,,,3.0,7ccb1f01-4447-44e9-ba34-d82b740cc51c,Quatt.io,506f6a99-30c1-4d30-8cbd-b6fe55a77e9c,2024-07-17,2024,20978.75,c07e9f8e-b01b-4243-b2cb-a46e50a9b934,organization,,venture_capital,https://www.crunchbase.com/organization/impact-equity-fund,False,False,False,"['Impact Equity Fund', 'Blue Earth Capital', 'Seaya Andromeda']",early_stage
e47f3edb-be6e-485b-8a46-8c0556210a6d,Series A - Reonic,funding_round,reonic-series-a--e47f3edb,https://www.crunchbase.com/funding_round/reonic-series-a--e47f3edb,17115.0,2024-09-05 13:10:26,2024-09-06 04:43:21,DEU,,Bayern,Augsburg,series_a,2024-09-04,14403.874,13000.0,EUR,,,,3.0,190307ef-6c94-486b-92e7-bfa9e1fd724a,Reonic,dbdafc98-7c6b-9cf1-b1bf-d3f590197dd1,2024-09-04,2024,10952.24,a256f777-4b5b-42ba-9c42-beacd57a6198,organization,,venture_capital,https://www.crunchbase.com/organization/puzzle-ventures-6198,False,False,False,"['Puzzle Ventures', 'Point Nine', 'Northzone']",early_stage
c6d232d5-132a-4477-9e14-f2777fcde21a,Pre Seed Round - autarc,funding_round,autarc-pre-seed--c6d232d5,https://www.crunchbase.com/funding_round/autarc-pre-seed--c6d232d5,20728.0,2024-10-28 09:20:28,2024-10-28 09:20:28,DEU,,Berlin,Berlin,pre_seed,2024-09-25,500.0,500.0,USD,,,,1.0,0a2b8897-ad4d-4ad4-9248-6086a8d8fb7f,autarc,73633ee4-ea65-2967-6c5d-9b5fec7d2d5e,2024-09-25,2024,373.6510630695015,73633ee4-ea65-2967-6c5d-9b5fec7d2d5e,organization,True,accelerator,https://www.crunchbase.com/organization/y-combinator,True,False,True,['Y Combinator'],early_stage
26cdaba7-8797-4c08-929a-492b39724909,Seed Round - SPiNE,funding_round,spine-2245-seed--26cdaba7,https://www.crunchbase.com/funding_round/spine-2245-seed--26cdaba7,14598.0,2024-10-01 05:09:15,2024-10-01 05:09:15,DEU,,Bayern,Munich,seed,2024-09-29,1675.371,1500.0,EUR,,,,4.0,96ff00cb-0bd8-4e5a-b528-106295582245,SPiNE,"b9995b82-eb4c-77a9-3fc4-af5a4643081c,899d67ac-f518-491b-a94e-478ed4f2b5a2",2024-09-29,2024,1252.1200000000001,b9995b82-eb4c-77a9-3fc4-af5a4643081c,organization,True,venture_capital,https://www.crunchbase.com/organization/bayern-kapital,False,False,False,"['Bayern Kapital', 'Verbund X Ventures', 'Super Angels', 'Scrape Ventures']",early_stage
eb7c50eb-8866-4c47-8c2f-d6f7fd880d5c,Seed Round - GEHECO,funding_round,geheco-seed--eb7c50eb,https://www.crunchbase.com/funding_round/geheco-seed--eb7c50eb,39598.0,2025-05-26 11:39:26,2025-05-26 11:39:26,NLD,,Zuid-Holland,Delft,seed,2024-10-09,382.958,350.0,EUR,,,,1.0,67b0620e-28d6-4678-b596-5de66f15398e,GEHECO,6be67c59-0c3a-cb91-b855-4809c70cac66,2024-10-09,2024,293.09000000000003,6be67c59-0c3a-cb91-b855-4809c70cac66,organization,True,"government_office,incubator",https://www.crunchbase.com/organization/uniiq,True,False,True,['UNIIQ'],early_stage
9bee1163-26c2-4a73-9128-08e9e1cc0c54,Series A - Pfaffen,funding_round,pfaffen-series-a--9bee1163,https://www.crunchbase.com/funding_round/pfaffen-series-a--9bee1163,55239.0,2024-10-22 09:52:30,2024-10-22 09:52:30,CHN,,Shanghai,Shanghai,series_a,2024-10-16,,,,,,,4.0,52133ff5-bb7e-4198-952b-8fc75dac1ba0,Pfaffen,,2024-10-16,2024,,981a8de6-7190-476a-99bf-07136c6ec524,organization,,,https://www.crunchbase.com/organization/shanghai-auto-parts-saaa,,False,False,"['Shanghai Auto Parts SAAA', 'H Y Asset Management', 'Qufu Temb Auto Parts Manufacturing Co.', 'Satake']",early_stage
df7a9817-bec2-45dc-b305-4a78a12fce6e,Series B - Aira,funding_round,aira-01e3-series-b--df7a9817,https://www.crunchbase.com/funding_round/aira-01e3-series-b--df7a9817,16742.0,2024-10-17 10:59:44,2025-04-23 23:36:49,SWE,,Stockholms Lan,Stockholm,series_b,2024-10-16,68410.594,63000.0,EUR,,,,4.0,c6c64009-243a-43b8-848e-fe6b275601e3,Aira,,2024-10-16,2024,52671.149999999994,f70762d7-b84d-b3d9-766c-ff6d533e891e,organization,,venture_capital,https://www.crunchbase.com/organization/statkraft-ventures,False,False,False,"['Statkraft Ventures', 'Kinnevik', 'Altor', 'Temasek Holdings']",early_stage
4b1665cd-a92c-4e02-b860-8500155c1f9c,Seed Round - Vamo,funding_round,vamo-b430-seed--4b1665cd,https://www.crunchbase.com/funding_round/vamo-b430-seed--4b1665cd,11073.0,2024-10-29 07:23:42,2024-10-29 07:23:42,DEU,,Berlin,Berlin,seed,2024-10-28,7572.357,7000.0,EUR,,,,5.0,afcd6e35-8737-4556-864f-aeedd5fdb430,Vamo,"69b3b5b9-86dd-4efa-b476-299c936bfabb,45ebac89-5b53-40e5-b469-f75d5569c032",2024-10-28,2024,5830.3,e90b5e85-7e94-4246-bd35-5de364bc4349,organization,,venture_capital,https://www.crunchbase.com/organization/realyze-ventures,False,False,False,"['Realyze Ventures', 'Extantia Capital', 'Neosfer', 'Caesar Ventures', 'Green European Tech Fund']",early_stage
7b8d4442-2945-47b4-a97d-c7974f6653ab,Angel Round - Zero Entropy,funding_round,zero-entropy-angel--7b8d4442,https://www.crunchbase.com/funding_round/zero-entropy-angel--7b8d4442,117661.0,2024-12-16 13:35:42,2024-12-16 13:35:42,DNK,,Hovedstaden,Copenhagen,angel,2024-11-01,489.172,450.0,EUR,,,,,e7040a94-05e3-410a-84c6-c20ad43002b1,Zero Entropy,,2024-11-01,2024,377.991,,,,,,,False,False,[None],early_stage
3e94931d-5634-447d-9925-b792834642c1,Seed Round - GEHECO,funding_round,geheco-seed--3e94931d,https://www.crunchbase.com/funding_round/geheco-seed--3e94931d,13248.0,2024-11-25 09:37:35,2024-11-25 09:37:35,NLD,,Zuid-Holland,Delft,seed,2024-11-21,523.455,500.0,EUR,,,,5.0,67b0620e-28d6-4678-b596-5de66f15398e,GEHECO,,2024-11-21,2024,416.365,527b712c-ec1b-4026-9a72-3dbbd7baeb9b,organization,,"entrepreneurship_program,venture_capital",https://www.crunchbase.com/organization/graduate-entrepreneur-fund,True,False,True,"['Graduate Entrepreneur Fund', 'Rabobank', 'Rockstart', 'UNIIQ', 'Shell Impact Fund']",early_stage
c0111f0f-68df-48c2-9213-5920fb281847,Seed Round - NOX Energy,funding_round,nox-energy-seed--c0111f0f,https://www.crunchbase.com/funding_round/nox-energy-seed--c0111f0f,12683.0,2024-12-19 05:53:12,2024-12-19 05:53:12,,,,,seed,2024-12-18,1000.0,1000.0,USD,,,,4.0,ef07b601-b2fc-43dd-a144-3ffa515d6774,NOX Energy,07a19da1-0be4-4dab-8e16-3a59400f2d52,2024-12-18,2024,786.2042682926829,07a19da1-0be4-4dab-8e16-3a59400f2d52,organization,True,venture_capital,https://www.crunchbase.com/organization/volve-capital,False,False,False,"['Volve Capital', 'Seeder Fund', 'Why Commit Capital', 'Golden Egg Check Capital']",early_stage
ba3fa393-0ccb-4402-af61-4f039ad2ad14,Series A - Green Fusion,funding_round,green-fusion-series-a--ba3fa393,https://www.crunchbase.com/funding_round/green-fusion-series-a--ba3fa393,8278.0,2025-01-21 11:56:31,2025-01-21 11:56:31,DEU,,Berlin,Berlin,series_a,2025-01-21,12455.407,12000.0,EUR,,,,7.0,5fb1fe1a-5ba8-4507-921c-4d3be0df79af,Green Fusion,"d370dc6d-d969-876f-bf24-dccf34b84a91,2c91f1dc-0aa5-09d9-d66f-64e1f7178a2e",2025-01-21,2025,10146.36,d370dc6d-d969-876f-bf24-dccf34b84a91,organization,True,venture_capital,https://www.crunchbase.com/organization/holtzbrinck-ventures,False,False,False,"['HV Capital', 'XAnge', 'BitStone Capital', 'kopa ventures', 'Vireo Ventures', 'Übermorgen Ventures', 'Brandenburg Kapital']",early_stage
1b1ea5bf-1d5b-4312-bebe-84b1907e0103,Seed Round - Nido,funding_round,nido-120e-seed--1b1ea5bf,https://www.crunchbase.com/funding_round/nido-120e-seed--1b1ea5bf,9041.0,2025-01-31 11:42:55,2025-01-31 11:42:55,ESP,,Madrid,Madrid,seed,2025-01-28,5213.661,5000.0,EUR,,,,4.0,6c0ccd9d-cab7-486a-b95e-8602f0a2120e,Nido,a0bd5b6f-93fb-e516-707b-559909d79d6b,2025-01-28,2025,4193.4,a0bd5b6f-93fb-e516-707b-559909d79d6b,organization,True,"accelerator,micro_vc",https://www.crunchbase.com/organization/menorca-millennials,True,False,True,"['Decelera', 'Zubi Labs', 'Ship2B Ventures', 'Iberdrola']",early_stage
a99bfc1e-7fe6-45fb-98be-33760dd8212e,Seed Round - Podero,funding_round,podero-seed--a99bfc1e,https://www.crunchbase.com/funding_round/podero-seed--a99bfc1e,10919.0,2025-02-07 07:49:47,2025-02-07 07:49:47,PHL,,Pangasinan,Austria,seed,2025-02-06,5719.42,5500.0,EUR,,,,4.0,cec7eb7f-33a9-4172-8fd9-57bfe87a8812,Podero,98db512c-0c0b-4d9f-89a7-289c9f480ec6,2025-02-06,2025,4602.84,2d32aaab-3aa2-49ba-8bf3-56db701c7dbe,organization,,"private_equity_firm,venture_capital",https://www.crunchbase.com/organization/systemiq-capital,False,False,False,"['Systemiq capital', 'PUSH VC', 'Pale blue dot', 'Planet A Ventures']",early_stage
b2d3f1d1-6882-40c4-a225-48b0f6445a2a,Series A - Tetra,funding_round,inhome-5e5c-series-a--b2d3f1d1,https://www.crunchbase.com/funding_round/inhome-5e5c-series-a--b2d3f1d1,10866.0,2025-03-11 05:04:17,2025-03-11 05:04:17,USA,NY,New York,New York,series_a,2025-02-07,,,,,,,4.0,f9508261-6876-4b45-918d-c5533c985e5c,Tetra,9dd7066b-069a-9dd9-c211-06db31253bd0,2025-02-07,2025,,20242b76-1950-6156-2811-f7171fc99de8,organization,,"micro_vc,venture_capital",https://www.crunchbase.com/organization/fj-labs,False,False,False,"['FJ Labs', 'Greycroft', 'RiverPark Ventures', 'Gutter Capital']",early_stage
5f8a3e09-61d0-47d6-a5ca-03edb6939e51,Pre Seed Round - conductr,funding_round,conductr-2967-pre-seed--5f8a3e09,https://www.crunchbase.com/funding_round/conductr-2967-pre-seed--5f8a3e09,29485.0,2025-03-17 10:28:24,2025-03-17 10:28:24,DEU,,Hamburg,Hamburg,pre_seed,2025-03-15,,,,4366598.0,4000000.0,EUR,,7e15af98-9280-4c28-9817-1617732b2967,conductr,,2025-03-15,2025,,,,,,,,False,False,[None],early_stage
568950d1-1e29-439e-acfe-fd2dfcfa4609,Pre Seed Round - nuuEnergy,funding_round,nuuenergy-pre-seed--568950d1,https://www.crunchbase.com/funding_round/nuuenergy-pre-seed--568950d1,1756.0,2025-06-12 15:01:21,2025-06-12 15:01:21,DEU,,Bayern,Munich,pre_seed,2025-06-12,,,,,,,5.0,d123f955-e861-4723-beca-eb53fbc8ea80,nuuEnergy,502f512b-13c8-4ce0-a158-8acc4500ff75,2025-06-12,2025,,1881b446-1451-4636-bafd-a3209a809d06,organization,,angel_group,https://www.crunchbase.com/organization/better-ventures-9d06,False,False,False,"['better ventures', 'HTGF (High-Tech Gruenderfonds)', 'Bynd Venture Capital', 'Enjoyventure Management', 'Vireo Ventures']",early_stage
5d8584ec-f566-46d3-a6c2-1a55b2f2a5b1,Series B - Ostrom,funding_round,ostrom-series-b--5d8584ec,https://www.crunchbase.com/funding_round/ostrom-series-b--5d8584ec,175.0,2025-06-20 05:43:21,2025-06-20 05:43:21,DEU,,Berlin,Berlin,series_b,2025-06-19,22923.477,20000.0,EUR,,,,7.0,6c3ae7dc-de4c-4cbb-8a86-823e91101b70,Ostrom,70d40f17-a685-4406-a089-f9cc16643163,2025-06-19,2025,16848.0,b5d0d7dd-cfc2-4c56-9ed4-847db73f8cee,organization,,venture_capital,https://www.crunchbase.com/organization/union-square-ventures,False,False,False,"['Union Square Ventures', 'J12', 'Übermorgen Ventures', 'Adjacent', 'SE Ventures', 'Eneco Ventures', '468 Capital']",early_stage
